[0;32mI (102) esp_image: segment 0: paddr=00010020 vaddr=3c0e00ESP-ROM:esp32s3-20210327
Build:Mar 27 2021
rst:0x15 (USB_UART_CHIP_RESET),boot:0xc (SPI_FAST_FLASH_BOOT)
Saved PC:0x403cd880
SPIWP:0xee
mode:DIO, clock div:1
load:0x3fce2820,len:0x19b4
load:0x403c8700,len:0x4
load:0x403c8704,len:0xe8c
load:0x403cb700,len:0x3144
entry 0x403c8940
[0;32mI (26) boot: ESP-IDF v5.3.5-1074-g045dd779fd3 2nd stage bootloader[0m
[0;32mI (27) boot: compile time Oct  8 2026 10:18:30[0m
[0;32mI (27) boot: Multicore bootloader[0m
[0;32mI (31) boot: chip revision: v0.1[0m
[0;32mI (35) boot: efuse block revision: v1.2[0m
[0;32mI (40) qio_mode: Enabling default flash chip QIO[0m
[0;32mI (45) boot.esp32s3: Boot SPI Speed : 80MHz[0m
[0;32mI (50) boot.esp32s3: SPI Mode       : QIO[0m
[0;32mI (54) boot.esp32s3: SPI Flash Size : 16MB[0m
[0;32mI (59) boot: Enabling RNG early entropy source...[0m
[0;32mI (65) boot: Partition Table:[0m
[0;32mI (68) boot: ## Label            Usage          Type ST Offset   Length[0m
[0;32mI (75) boot:  0 nvs              WiFi data        01 02 00009000 00006000[0m
[0;32mI (83) boot:  1 phy_init         RF data          01 01 0000f000 00001000[0m
[0;32mI (90) boot:  2 factory          factory app      00 00 00010000 00f00000[0m
[0;32mI (98) boot: End of partition table[0m
[0;32mI (102) esp_image: segment 0: paddr=00010020 vaddr=3c0e0020 size=2554d8h (2446552) map[0m
[0;32mI (489) esp_image: segment 1: paddr=00265500 vaddr=3fc99a00 size=035c8h ( 13768) load[0m
[0;32mI (492) esp_image: segment 2: paddr=00268ad0 vaddr=40378000 size=07548h ( 30024) load[0m
[0;32mI (501) esp_image: segment 3: paddr=00270020 vaddr=42000020 size=dd010h (905232) map[0m
[0;32mI (643) esp_image: segment 4: paddr=0034d038 vaddr=4037f548 size=0a490h ( 42128) load[0m
[0;32mI (659) boot: Loaded app from partition at offset 0x10000[0m
[0;32mI (659) boot: Disabling RNG early entropy source...[0m
[0;32mI (671) octal_psram: vendor id    : 0x0d (AP)[0m
[0;32mI (671) octal_psram: dev id       : 0x02 (generation 3)[0m
[0;32mI (671) octal_psram: density      : 0x03 (64 Mbit)[0m
[0;32mI (676) octal_psram: good-die     : 0x01 (Pass)[0m
[0;32mI (681) octal_psram: Latency      : 0x01 (Fixed)[0m
[0;32mI (686) octal_psram: VCC          : 0x01 (3V)[0m
[0;32mI (692) octal_psram: SRF          : 0x01 (Fast Refresh)[0m
[0;32mI (697) octal_psram: BurstType    : 0x01 (Hybrid Wrap)[0m
[0;32mI (703) octal_psram: BurstLen     : 0x01 (32 Byte)[0m
[0;32mI (709) octal_psram: Readlatency  : 0x02 (10 cycles@Fixed)[0m
[0;32mI (715) octal_psram: DriveStrength: 0x00 (1/1)[0m
[0;32mI (721) MSPI Timing: PSRAM timing tuning index: 5[0m
[0;32mI (725) esp_psram: Found 8MB PSRAM device[0m
[0;32mI (730) esp_psram: Speed: 80MHz[0m
[0;32mI (734) cpu_start: Multicore app[0m
[0;32mI (1023) esp_psram: SPI SRAM memory test OK[0m
[0;32mI (1032) cpu_start: Pro cpu start user code[0m
[0;32mI (1032) cpu_start: cpu freq: 240000000 Hz[0m
[0;32mI (1032) app_init: Application information:[0m
[0;32mI (1035) app_init: Project name:     v4_espdl_bench[0m
[0;32mI (1040) app_init: App version:      bench-accel-2026-10-08-1-g64348[0m
[0;32mI (1048) app_init: Compile time:     Oct  8 2026 12:34:21[0m
[0;32mI (1054) app_init: ELF file SHA256:  ff4cfdcbe...[0m
[0;32mI (1059) app_init: ESP-IDF:          v5.3.5-1074-g045dd779fd3[0m
[0;32mI (1065) efuse_init: Min chip rev:     v0.0[0m
[0;32mI (1070) efuse_init: Max chip rev:     v0.99 [0m
[0;32mI (1075) efuse_init: Chip rev:         v0.1[0m
[0;32mI (1080) heap_init: Initializing. RAM available for dynamic allocation:[0m
[0;32mI (1088) heap_init: At 3FC9EED8 len 0004A838 (298 KiB): RAM[0m
[0;32mI (1094) heap_init: At 3FCE9710 len 00005724 (21 KiB): RAM[0m
[0;32mI (1100) heap_init: At 600FE000 len 00001FE8 (7 KiB): RTCRAM[0m
[0;32mI (1106) esp_psram: Adding pool of 8192K of PSRAM memory to heap allocator[0m
[0;32mI (1114) spi_flash: detected chip: gd[0m
[0;32mI (1118) spi_flash: flash io: qio[0m
[0;32mI (1122) sleep: Configure to isolate all GPIO pins in sleep state[0m
[0;32mI (1129) sleep: Enable automatic switching of GPIO sleep configuration[0m
[0;32mI (1136) main_task: Started on CPU0[0m
[0;32mI (1140) esp_psram: Reserving pool of 32K of internal memory for DMA/internal allocations[0m
[0;32mI (1149) main_task: Calling app_main()[0m
[0;32mI (1153) v4_espdl: chip esp32s3, CPU 240 MHz, free heap 8691379 (internal 305659, PSRAM 8385720)[0m
[0;32mI (1315) v4_espdl: model loaded in 152.3 ms, free heap 6554615 (internal 266303, PSRAM 6288312)[0m
[0;32mI (1316) dl::Model: Test max_error = 0.0005 (default)[0m
E (1324) FbsModel: (get_test_input_tensor)The initial parameter is error.
[0;31mE (1326) dl::Model: Model input input doesn't have a corresponding test input. Please enable export_test_values option in esp-ppq when export espdl model.[0m
[0;32mI (1316) v4_espdl: model->test() (ESP-DL vs ESP-PPQ test values): FAIL[0m
[0;32mI (1378) v4_espdl: input 112x112x3, exponent -6 (v4: -6)[0m
CSV,0,254645,0
CSV,1,248987,0
CSV,2,248991,0
CSV,3,248976,0
CSV,4,248988,0
CSV,5,248976,0
CSV,6,248988,0
CSV,7,248976,0
CSV,8,248988,0
CSV,9,248976,0
[0;32mI (3879) v4_espdl: RESULT CSV: best 248.976 ms, mean 249.549 ms over 10 runs[0m
CSV2,0,221703,0
Guru Meditation Error: Core  0 panic'ed (IllegalInstruction). Exception was unhandled.
Memory dump at 0x42074214: 01a1f2da f4ddb2f4 baf4ddb6
Core  0 register dump:
PC      : 0x4207421b  PS      : 0x00060730  A0      : 0x8204cb1e  A1      : 0x3fc9e030
A2      : 0x3c4bd5a0  A3      : 0x3c48b7f0  A4      : 0x3fcb1114  A5      : 0x3c341930
A6      : 0x00000040  A7      : 0x00000d80  A8      : 0xffffe390  A9      : 0x00000003
A10     : 0x00000005  A11     : 0x3c341450  A12     : 0x00000002  A13     : 0x00000000
A14     : 0x3c341490  A15     : 0x00000101  SAR     : 0x00000010  EXCCAUSE: 0x00000000
EXCVADDR: 0x00000000  LBEG    : 0x420741c5  LEND    : 0x4207424a  LCOUNT  : 0x00000000
Backtrace: 0x42074218:0x3fc9e030 0x4204cb1b:0x3fc9e0b0 0x4201b004:0x3fc9e150 0x42058a16:0x3fc9e170
ELF file SHA256: ff4cfdcbe
Rebooting...
ESP-ROM:esp32s3-20210327
Build:Mar 27 2021
rst:0xc (RTC_SW_CPU_RST),boot:0xc (SPI_FAST_FLASH_BOOT)
Saved PC:0x40379c98
SPIWP:0xee
mode:DIO, clock div:1
load:0x3fce2820,len:0x19b4
load:0x403c8700,len:0x4
load:0x403c8704,len:0xe8c
load:0x403cb700,len:0x3144
entry 0x403c8940
[0;32mI (26) boot: ESP-IDF v5.3.5-1074-g045dd779fd3 2nd stage bootloader[0m
[0;32mI (26) boot: compile time Oct  8 2026 10:18:30[0m
[0;32mI (27) boot: Multicore bootloader[0m
[0;32mI (31) boot: chip revision: v0.1[0m
[0;32mI (35) boot: efuse block revision: v1.2[0m
[0;32mI (39) qio_mode: Enabling default flash chip QIO[0m
[0;32mI (44) boot.esp32s3: Boot SPI Speed : 80MHz[0m
[0;32mI (49) boot.esp32s3: SPI Mode       : QIO[0m
[0;32mI (54) boot.esp32s3: SPI Flash Size : 16MB[0m
[0;32mI (59) boot: Enabling RNG early entropy source...[0m
[0;32mI (64) boot: Partition Table:[0m
[0;32mI (68) boot: ## Label            Usage          Type ST Offset   Length[0m
[0;32mI (75) boot:  0 nvs              WiFi data        01 02 00009000 00006000[0m
[0;32mI (82) boot:  1 phy_init         RF data          01 01 0000f000 00001000[0m
[0;32mI (90) boot:  2 factory          factory app      00 00 00010000 00f00000[0m
[0;32mI (97) boot: End of partition table[0m
[0;32mI (102) esp_image: segment 0: paddr=00010020 vaddr=3c0e0020 size=2554d8h (2446552) map[0m
[0;32mI (488) esp_image: segment 1: paddr=00265500 vaddr=3fc99a00 size=035c8h ( 13768) load[0m
[0;32mI (491) esp_image: segment 2: paddr=00268ad0 vaddr=40378000 size=07548h ( 30024) load[0m
[0;32mI (500) esp_image: segment 3: paddr=00270020 vaddr=42000020 size=dd010h (905232) map[0m
[0;32mI (643) esp_image: segment 4: paddr=0034d038 vaddr=4037f548 size=0a490h ( 42128) load[0m
[0;32mI (658) boot: Loaded app from partition at offset 0x10000[0m
[0;32mI (658) boot: Disabling RNG early entropy source...[0m
[0;32mI (670) octal_psram: vendor id    : 0x0d (AP)[0m
[0;32mI (670) octal_psram: dev id       : 0x02 (generation 3)[0m
[0;32mI (671) octal_psram: density      : 0x03 (64 Mbit)[0m
[0;32mI (675) octal_psram: good-die     : 0x01 (Pass)[0m
[0;32mI (681) octal_psram: Latency      : 0x01 (Fixed)[0m
[0;32mI (686) octal_psram: VCC          : 0x01 (3V)[0m
[0;32mI (691) octal_psram: SRF          : 0x01 (Fast Refresh)[0m
[0;32mI (697) octal_psram: BurstType    : 0x01 (Hybrid Wrap)[0m
[0;32mI (703) octal_psram: BurstLen     : 0x01 (32 Byte)[0m
[0;32mI (708) octal_psram: Readlatency  : 0x02 (10 cycles@Fixed)[0m
[0;32mI (714) octal_psram: DriveStrength: 0x00 (1/1)[0m
[0;32mI (720) MSPI Timing: PSRAM timing tuning index: 5[0m
[0;32mI (725) esp_psram: Found 8MB PSRAM device[0m
[0;32mI (730) esp_psram: Speed: 80MHz[0m
[0;32mI (733) cpu_start: Multicore app[0m
[0;32mI (1023) esp_psram: SPI SRAM memory test OK[0m
[0;32mI (1031) cpu_start: Pro cpu start user code[0m
[0;32mI (1031) cpu_start: cpu freq: 240000000 Hz[0m
[0;32mI (1031) app_init: Application information:[0m
[0;32mI (1034) app_init: Project name:     v4_espdl_bench[0m
[0;32mI (1040) app_init: App version:      bench-accel-2026-10-08-1-g64348[0m
[0;32mI (1047) app_init: Compile time:     Oct  8 2026 12:34:21[0m
[0;32mI (1053) app_init: ELF file SHA256:  ff4cfdcbe...[0m
[0;32mI (1058) app_init: ESP-IDF:          v5.3.5-1074-g045dd779fd3[0m
[0;32mI (1065) efuse_init: Min chip rev:     v0.0[0m
[0;32mI (1070) efuse_init: Max chip rev:     v0.99 [0m
[0;32mI (1075) efuse_init: Chip rev:         v0.1[0m
[0;32mI (1080) heap_init: Initializing. RAM available for dynamic allocation:[0m
[0;32mI (1087) heap_init: At 3FC9EED8 len 0004A838 (298 KiB): RAM[0m
[0;32mI (1093) heap_init: At 3FCE9710 len 00005724 (21 KiB): RAM[0m
[0;32mI (1099) heap_init: At 600FE000 len 00001FE8 (7 KiB): RTCRAM[0m
[0;32mI (1106) esp_psram: Adding pool of 8192K of PSRAM memory to heap allocator[0m
[0;32mI (1114) spi_flash: detected chip: gd[0m
[0;32mI (1118) spi_flash: flash io: qio[0m
[0;32mI (1122) sleep: Configure to isolate all GPIO pins in sleep state[0m
[0;32mI (1129) sleep: Enable automatic switching of GPIO sleep configuration[0m
[0;32mI (1136) main_task: Started on CPU0[0m
[0;32mI (1140) esp_psram: Reserving pool of 32K of internal memory for DMA/internal allocations[0m
[0;32mI (1149) main_task: Calling app_main()[0m
[0;32mI (1153) v4_espdl: chip esp32s3, CPU 240 MHz, free heap 8691379 (internal 305659, PSRAM 8385720)[0m
[0;32mI (1315) v4_espdl: model loaded in 152.3 ms, free heap 6554615 (internal 266303, PSRAM 6288312)[0m
[0;32mI (1316) dl::Model: Test max_error = 0.0005 (default)[0m
E (1324) FbsModel: (get_test_input_tensor)The initial parameter is error.
[0;31mE (1326) dl::Model: Model input input doesn't have a corresponding test input. Please enable export_test_values option in esp-ppq when export espdl model.[0m
[0;32mI (1316) v4_espdl: model->test() (ESP-DL vs ESP-PPQ test values): FAIL[0m
[0;32mI (1378) v4_espdl: input 112x112x3, exponent -6 (v4: -6)[0m
CSV,0,254639,0
CSV,1,248986,0
CSV,2,248982,0
CSV,3,248982,0
CSV,4,248983,0
CSV,5,248982,0
CSV,6,248983,0
CSV,7,248982,0
CSV,8,248983,0
CSV,9,248982,0
[0;32mI (3879) v4_espdl: RESULT CSV: best 248.982 ms, mean 249.548 ms over 10 runs[0m
CSV2,0,221674,0
Guru Meditation Error: Core  0 panic'ed (IllegalInstruction). Exception was unhandled.
Memory dump at 0x42074214: 01a1f2da f4ddb2f4 baf4ddb6
Core  0 register dump:
PC      : 0x4207421b  PS      : 0x00060730  A0      : 0x8204cb1e  A1      : 0x3fc9e030
A2      : 0x3c4c15a0  A3      : 0x3c48f7f0  A4      : 0x3fcb1114  A5      : 0x3c341930
A6      : 0x00000040  A7      : 0x00000d80  A8      : 0xffffe390  A9      : 0x00000003
A10     : 0x00000005  A11     : 0x3c341450  A12     : 0x00000002  A13     : 0x00000000
A14     : 0x3c341490  A15     : 0x00000101  SAR     : 0x00000010  EXCCAUSE: 0x00000000
EXCVADDR: 0x00000000  LBEG    : 0x420741c5  LEND    : 0x4207424a  LCOUNT  : 0x00000000
Backtrace: 0x42074218:0x3fc9e030 0x4204cb1b:0x3fc9e0b0 0x4201b004:0x3fc9e150 0x42058a16:0x3fc9e170
ELF file SHA256: ff4cfdcbe
Rebooting...
ESP-ROM:esp32s3-20210327
Build:Mar 27 2021
rst:0xc (RTC_SW_CPU_RST),boot:0xc (SPI_FAST_FLASH_BOOT)
Saved PC:0x40379c98
SPIWP:0xee
mode:DIO, clock div:1
load:0x3fce2820,len:0x19b4
load:0x403c8700,len:0x4
load:0x403c8704,len:0xe8c
load:0x403cb700,len:0x3144
entry 0x403c8940
[0;32mI (26) boot: ESP-IDF v5.3.5-1074-g045dd779fd3 2nd stage bootloader[0m
[0;32mI (26) boot: compile time Oct  8 2026 10:18:30[0m
[0;32mI (27) boot: Multicore bootloader[0m
[0;32mI (31) boot: chip revision: v0.1[0m
[0;32mI (35) boot: efuse block revision: v1.2[0m
[0;32mI (39) qio_mode: Enabling default flash chip QIO[0m
[0;32mI (44) boot.esp32s3: Boot SPI Speed : 80MHz[0m
[0;32mI (49) boot.esp32s3: SPI Mode       : QIO[0m
[0;32mI (54) boot.esp32s3: SPI Flash Size : 16MB[0m
[0;32mI (59) boot: Enabling RNG early entropy source...[0m
[0;32mI (64) boot: Partition Table:[0m
[0;32mI (68) boot: ## Label            Usage          Type ST Offset   Length[0m
[0;32mI (75) boot:  0 nvs              WiFi data        01 02 00009000 00006000[0m
[0;32mI (82) boot:  1 phy_init         RF data          01 01 0000f000 00001000[0m
[0;32mI (90) boot:  2 factory          factory app      00 00 00010000 00f00000[0m
[0;32mI (97) boot: End of partition table[0m
[0;32mI (102) esp_image: segment 0: paddr=00010020 vaddr=3c0e0020 size=2554d8h (2446552) map[0m
[0;32mI (488) esp_image: segment 1: paddr=00265500 vaddr=3fc99a00 size=035c8h ( 13768) load[0m
[0;32mI (491) esp_image: segment 2: paddr=00268ad0 vaddr=40378000 size=07548h ( 30024) load[0m
[0;32mI (500) esp_image: segment 3: paddr=00270020 vaddr=42000020 size=dd010h (905232) map[0m
[0;32mI (643) esp_image: segment 4: paddr=0034d038 vaddr=4037f548 size=0a490h ( 42128) load[0m
[0;32mI (658) boot: Loaded app from partition at offset 0x10000[0m
[0;32mI (658) boot: Disabling RNG early entropy source...[0m
[0;32mI (670) octal_psram: vendor id    : 0x0d (AP)[0m
[0;32mI (670) octal_psram: dev id       : 0x02 (generation 3)[0m
[0;32mI (671) octal_psram: density      : 0x03 (64 Mbit)[0m
[0;32mI (675) octal_psram: good-die     : 0x01 (Pass)[0m
[0;32mI (681) octal_psram: Latency      : 0x01 (Fixed)[0m
[0;32mI (686) octal_psram: VCC          : 0x01 (3V)[0m
[0;32mI (691) octal_psram: SRF          : 0x01 (Fast Refresh)[0m
[0;32mI (697) octal_psram: BurstType    : 0x01 (Hybrid Wrap)[0m
[0;32mI (703) octal_psram: BurstLen     : 0x01 (32 Byte)[0m
[0;32mI (708) octal_psram: Readlatency  : 0x02 (10 cycles@Fixed)[0m
[0;32mI (714) octal_psram: DriveStrength: 0x00 (1/1)[0m
[0;32mI (720) MSPI Timing: PSRAM timing tuning index: 5[0m
[0;32mI (725) esp_psram: Found 8MB PSRAM device[0m
[0;32mI (730) esp_psram: Speed: 80MHz[0m
[0;32mI (733) cpu_start: Multicore app[0m
[0;32mI (1023) esp_psram: SPI SRAM memory test OK[0m
[0;32mI (1031) cpu_start: Pro cpu start user code[0m
[0;32mI (1031) cpu_start: cpu freq: 240000000 Hz[0m
[0;32mI (1031) app_init: Application information:[0m
[0;32mI (1034) app_init: Project name:     v4_espdl_bench[0m
[0;32mI (1040) app_init: App version:      bench-accel-2026-10-08-1-g64348[0m
[0;32mI (1047) app_init: Compile time:     Oct  8 2026 12:34:21[0m
[0;32mI (1053) app_init: ELF file SHA256:  ff4cfdcbe...[0m
[0;32mI (1058) app_init: ESP-IDF:          v5.3.5-1074-g045dd779fd3[0m
[0;32mI (1065) efuse_init: Min chip rev:     v0.0[0m
[0;32mI (1070) efuse_init: Max chip rev:     v0.99 [0m
[0;32mI (1075) efuse_init: Chip rev:         v0.1[0m
[0;32mI (1080) heap_init: Initializing. RAM available for dynamic allocation:[0m
[0;32mI (1087) heap_init: At 3FC9EED8 len 0004A838 (298 KiB): RAM[0m
[0;32mI (1093) heap_init: At 3FCE9710 len 00005724 (21 KiB): RAM[0m
[0;32mI (1099) heap_init: At 600FE000 len 00001FE8 (7 KiB): RTCRAM[0m
[0;32mI (1106) esp_psram: Adding pool of 8192K of PSRAM memory to heap allocator[0m
[0;32mI (1114) spi_flash: detected chip: gd[0m
[0;32mI (1118) spi_flash: flash io: qio[0m
[0;32mI (1122) sleep: Configure to isolate all GPIO pins in sleep state[0m
[0;32mI (1129) sleep: Enable automatic switching of GPIO sleep configuration[0m
[0;32mI (1136) main_task: Started on CPU0[0m
[0;32mI (1140) esp_psram: Reserving pool of 32K of internal memory for DMA/internal allocations[0m
[0;32mI (1149) main_task: Calling app_main()[0m
[0;32mI (1153) v4_espdl: chip esp32s3, CPU 240 MHz, free heap 8691379 (internal 305659, PSRAM 8385720)[0m
[0;32mI (1315) v4_espdl: model loaded in 152.3 ms, free heap 6554615 (internal 266303, PSRAM 6288312)[0m
[0;32mI (1316) dl::Model: Test max_error = 0.0005 (default)[0m
E (1324) FbsModel: (get_test_input_tensor)The initial parameter is error.
[0;31mE (1326) dl::Model: Model input input doesn't have a corresponding test input. Please enable export_test_values option in esp-ppq when export espdl model.[0m
[0;32mI (1316) v4_espdl: model->test() (ESP-DL vs ESP-PPQ test values): FAIL[0m
[0;32mI (1378) v4_espdl: input 112x112x3, exponent -6 (v4: -6)[0m
CSV,0,254642,0
CSV,1,248986,0
CSV,2,248982,0
CSV,3,248982,0
CSV,4,248983,0
CSV,5,248982,0
CSV,6,248983,0
CSV,7,248982,0
CSV,8,248983,0
CSV,9,248982,0
[0;32mI (3879) v4_espdl: RESULT CSV: best 248.982 ms, mean 249.549 ms over 10 runs[0m
Guru Meditation Error: Core  0 panic'ed (IllegalInstruction). Exception was unhandled.
Memory dump at 0x42074214: 01a1f2da f4ddb2f4 baf4ddb6
Core  0 register dump:
PC      : 0x4207421b  PS      : 0x00060230  A0      : 0x8204cb1e  A1      : 0x3fc9e030
A2      : 0x3c4b15a0  A3      : 0x3c47f7f0  A4      : 0x3fcb1114  A5      : 0x3c341930
A6      : 0x00000040  A7      : 0x00000d80  A8      : 0xffffe390  A9      : 0x00000003
A10     : 0x00000005  A11     : 0x3c341450  A12     : 0x00000002  A13     : 0x00000000
A14     : 0x3c341490  A15     : 0x00000101  SAR     : 0x00000010  EXCCAUSE: 0x00000000
EXCVADDR: 0x00000000  LBEG    : 0x420741c5  LEND    : 0x4207424a  LCOUNT  : 0x00000000
Backtrace: 0x42074218:0x3fc9e030 0x4204cb1b:0x3fc9e0b0 0x4201b004:0x3fc9e150 0x42058a16:0x3fc9e170
ELF file SHA256: ff4cfdcbe
Rebooting...
ESP-ROM:esp32s3-20210327
Build:Mar 27 2021
rst:0xc (RTC_SW_CPU_RST),boot:0xc (SPI_FAST_FLASH_BOOT)
Saved PC:0x40379c98
SPIWP:0xee
mode:DIO, clock div:1
load:0x3fce2820,len:0x19b4
load:0x403c8700,len:0x4
load:0x403c8704,len:0xe8c
load:0x403cb700,len:0x3144
entry 0x403c8940
[0;32mI (26) boot: ESP-IDF v5.3.5-1074-g045dd779fd3 2nd stage bootloader[0m
[0;32mI (26) boot: compile time Oct  8 2026 10:18:30[0m
[0;32mI (27) boot: Multicore bootloader[0m
[0;32mI (31) boot: chip revision: v0.1[0m
[0;32mI (35) boot: efuse block revision: v1.2[0m
[0;32mI (39) qio_mode: Enabling default flash chip QIO[0m
[0;32mI (44) boot.esp32s3: Boot SPI Speed : 80MHz[0m
[0;32mI (49) boot.esp32s3: SPI Mode       : QIO[0m
[0;32mI (54) boot.esp32s3: SPI Flash Size : 16MB[0m
[0;32mI (59) boot: Enabling RNG early entropy source...[0m
[0;32mI (64) boot: Partition Table:[0m
[0;32mI (68) boot: ## Label            Usage          Type ST Offset   Length[0m
[0;32mI (75) boot:  0 nvs              WiFi data        01 02 00009000 00006000[0m
[0;32mI (82) boot:  1 phy_init         RF data          01 01 0000f000 00001000[0m
[0;32mI (90) boot:  2 factory          factory app      00 00 00010000 00f00000[0m
[0;32mI (97) boot: End of partition table[0m
[0;32mI (102) esp_image: segment 0: paddr=00010020 vaddr=3c0e0020 size=2554d8h (2446552) map[0m
[0;32mI (488) esp_image: segment 1: paddr=00265500 vaddr=3fc99a00 size=035c8h ( 13768) load[0m
[0;32mI (491) esp_image: segment 2: paddr=00268ad0 vaddr=40378000 size=07548h ( 30024) load[0m
[0;32mI (500) esp_image: segment 3: paddr=00270020 vaddr=42000020 size=dd010h (905232) map[0m
[0;32mI (643) esp_image: segment 4: paddr=0034d038 vaddr=4037f548 size=0a490h ( 42128) load[0m
[0;32mI (658) boot: Loaded app from partition at offset 0x10000[0m
[0;32mI (658) boot: Disabling RNG early entropy source...[0m
[0;32mI (670) octal_psram: vendor id    : 0x0d (AP)[0m
[0;32mI (670) octal_psram: dev id       : 0x02 (generation 3)[0m
[0;32mI (671) octal_psram: density      : 0x03 (64 Mbit)[0m
[0;32mI (675) octal_psram: good-die     : 0x01 (Pass)[0m
[0;32mI (681) octal_psram: Latency      : 0x01 (Fixed)[0m
[0;32mI (686) octal_psram: VCC          : 0x01 (3V)[0m
[0;32mI (691) octal_psram: SRF          : 0x01 (Fast Refresh)[0m
[0;32mI (697) octal_psram: BurstType    : 0x01 (Hybrid Wrap)[0m
[0;32mI (703) octal_psram: BurstLen     : 0x01 (32 Byte)[0m
[0;32mI (708) octal_psram: Readlatency  : 0x02 (10 cycles@Fixed)[0m
[0;32mI (714) octal_psram: DriveStrength: 0x00 (1/1)[0m
[0;32mI (720) MSPI Timing: PSRAM timing tuning index: 5[0m
[0;32mI (725) esp_psram: Found 8MB PSRAM device[0m
[0;32mI (730) esp_psram: Speed: 80MHz[0m
[0;32mI (733) cpu_start: Multicore app[0m
[0;32mI (1023) esp_psram: SPI SRAM memory test OK[0m
[0;32mI (1031) cpu_start: Pro cpu start user code[0m
[0;32mI (1031) cpu_start: cpu freq: 240000000 Hz[0m
[0;32mI (1031) app_init: Application information:[0m
[0;32mI (1034) app_init: Project name:     v4_espdl_bench[0m
[0;32mI (1040) app_init: App version:      bench-accel-2026-10-08-1-g64348[0m
[0;32mI (1047) app_init: Compile time:     Oct  8 2026 12:34:21[0m
[0;32mI (1053) app_init: ELF file SHA256:  ff4cfdcbe...[0m
[0;32mI (1058) app_init: ESP-IDF:          v5.3.5-1074-g045dd779fd3[0m
[0;32mI (1065) efuse_init: Min chip rev:     v0.0[0m
[0;32mI (1070) efuse_init: Max chip rev:     v0.99 [0m
[0;32mI (1075) efuse_init: Chip rev:         v0.1[0m
[0;32mI (1080) heap_init: Initializing. RAM available for dynamic allocation:[0m
[0;32mI (1087) heap_init: At 3FC9EED8 len 0004A838 (298 KiB): RAM[0m
[0;32mI (1093) heap_init: At 3FCE9710 len 00005724 (21 KiB): RAM[0m
[0;32mI (1099) heap_init: At 600FE000 len 00001FE8 (7 KiB): RTCRAM[0m
[0;32mI (1106) esp_psram: Adding pool of 8192K of PSRAM memory to heap allocator[0m
[0;32mI (1114) spi_flash: detected chip: gd[0m
[0;32mI (1118) spi_flash: flash io: qio[0m
[0;32mI (1122) sleep: Configure to isolate all GPIO pins in sleep state[0m
[0;32mI (1129) sleep: Enable automatic switching of GPIO sleep configuration[0m
[0;32mI (1136) main_task: Started on CPU0[0m
[0;32mI (1140) esp_psram: Reserving pool of 32K of internal memory for DMA/internal allocations[0m
[0;32mI (1149) main_task: Calling app_main()[0m
[0;32mI (1153) v4_espdl: chip esp32s3, CPU 240 MHz, free heap 8691379 (internal 305659, PSRAM 8385720)[0m
[0;32mI (1315) v4_espdl: model loaded in 152.3 ms, free heap 6554615 (internal 266303, PSRAM 6288312)[0m
[0;32mI (1316) dl::Model: Test max_error = 0.0005 (default)[0m
E (1324) FbsModel: (get_test_input_tensor)The initial parameter is error.
[0;31mE (1326) dl::Model: Model input input doesn't have a corresponding test input. Please enable export_test_values option in esp-ppq when export espdl model.[0m
[0;32mI (1316) v4_espdl: model->test() (ESP-DL vs ESP-PPQ test values): FAIL[0m
[0;32mI (1378) v4_espdl: input 112x112x3, exponent -6 (v4: -6)[0m
CSV,0,254642,0
CSV,1,248984,0
CSV,2,248991,0
CSV,3,248981,0
CSV,4,248983,0
CSV,5,248981,0
CSV,6,248983,0
CSV,7,248981,0
CSV,8,248983,0
CSV,9,248981,0
[0;32mI (3879) v4_espdl: RESULT CSV: best 248.981 ms, mean 249.549 ms over 10 runs[0m
Guru Meditation Error: Core  0 panic'ed (IllegalInstruction). Exception was unhandled.
Memory dump at 0x42074214: 01a1f2da f4ddb2f4 baf4ddb6
Core  0 register dump:
PC      : 0x4207421b  PS      : 0x00060230  A0      : 0x8204cb1e  A1      : 0x3fc9e030
A2      : 0x3c4c15a0  A3      : 0x3c48f7f0  A4      : 0x3fcb1114  A5      : 0x3c341930
A6      : 0x00000040  A7      : 0x00000d80  A8      : 0xffffe390  A9      : 0x00000003
A10     : 0x00000005  A11     : 0x3c341450  A12     : 0x00000002  A13     : 0x00000000
A14     : 0x3c341490  A15     : 0x00000101  SAR     : 0x00000010  EXCCAUSE: 0x00000000
EXCVADDR: 0x00000000  LBEG    : 0x420741c5  LEND    : 0x4207424a  LCOUNT  : 0x00000000
Backtrace: 0x42074218:0x3fc9e030 0x4204cb1b:0x3fc9e0b0 0x4201b004:0x3fc9e150 0x42058a16:0x3fc9e170
ELF file SHA256: ff4cfdcbe
Rebooting...
ESP-ROM:esp32s3-20210327
Build:Mar 27 2021
rst:0xc (RTC_SW_CPU_RST),boot:0xc (SPI_FAST_FLASH_BOOT)
Saved PC:0x40379c98
SPIWP:0xee
mode:DIO, clock div:1
load:0x3fce2820,len:0x19b4
load:0x403c8700,len:0x4
load:0x403c8704,len:0xe8c
load:0x403cb700,len:0x3144
entry 0x403c8940
[0;32mI (26) boot: ESP-IDF v5.3.5-1074-g045dd779fd3 2nd stage bootloader[0m
[0;32mI (26) boot: compile time Oct  8 2026 10:18:30[0m
[0;32mI (27) boot: Multicore bootloader[0m
[0;32mI (31) boot: chip revision: v0.1[0m
[0;32mI (35) boot: efuse block revision: v1.2[0m
[0;32mI (39) qio_mode: Enabling default flash chip QIO[0m
[0;32mI (44) boot.esp32s3: Boot SPI Speed : 80MHz[0m
[0;32mI (49) boot.esp32s3: SPI Mode       : QIO[0m
[0;32mI (54) boot.esp32s3: SPI Flash Size : 16MB[0m
[0;32mI (59) boot: Enabling RNG early entropy source...[0m
[0;32mI (64) boot: Partition Table:[0m
[0;32mI (68) boot: ## Label            Usage          Type ST Offset   Length[0m
[0;32mI (75) boot:  0 nvs              WiFi data        01 02 00009000 00006000[0m
[0;32mI (82) boot:  1 phy_init         RF data          01 01 0000f000 00001000[0m
[0;32mI (90) boot:  2 factory          factory app      00 00 00010000 00f00000[0m
[0;32mI (97) boot: End of partition table[0m
[0;32mI (102) esp_image: segment 0: paddr=00010020 vaddr=3c0e0020 size=2554d8h (2446552) map[0m
[0;32mI (488) esp_image: segment 1: paddr=00265500 vaddr=3fc99a00 size=035c8h ( 13768) load[0m
[0;32mI (491) esp_image: segment 2: paddr=00268ad0 vaddr=40378000 size=07548h ( 30024) load[0m
[0;32mI (500) esp_image: segment 3: paddr=00270020 vaddr=42000020 size=dd010h (905232) map[0m
[0;32mI (643) esp_image: segment 4: paddr=0034d038 vaddr=4037f548 size=0a490h ( 42128) load[0m
[0;32mI (658) boot: Loaded app from partition at offset 0x10000[0m
[0;32mI (658) boot: Disabling RNG early entropy source...[0m
[0;32mI (670) octal_psram: vendor id    : 0x0d (AP)[0m
[0;32mI (670) octal_psram: dev id       : 0x02 (generation 3)[0m
[0;32mI (671) octal_psram: density      : 0x03 (64 Mbit)[0m
[0;32mI (675) octal_psram: good-die     : 0x01 (Pass)[0m
[0;32mI (681) octal_psram: Latency      : 0x01 (Fixed)[0m
[0;32mI (686) octal_psram: VCC          : 0x01 (3V)[0m
[0;32mI (691) octal_psram: SRF          : 0x01 (Fast Refresh)[0m
[0;32mI (697) octal_psram: BurstType    : 0x01 (Hybrid Wrap)[0m
[0;32mI (703) octal_psram: BurstLen     : 0x01 (32 Byte)[0m
[0;32mI (708) octal_psram: Readlatency  : 0x02 (10 cycles@Fixed)[0m
[0;32mI (714) octal_psram: DriveStrength: 0x00 (1/1)[0m
[0;32mI (720) MSPI Timing: PSRAM timing tuning index: 5[0m
[0;32mI (725) esp_psram: Found 8MB PSRAM device[0m
[0;32mI (730) esp_psram: Speed: 80MHz[0m
[0;32mI (733) cpu_start: Multicore app[0m
[0;32mI (1023) esp_psram: SPI SRAM memory test OK[0m
[0;32mI (1031) cpu_start: Pro cpu start user code[0m
[0;32mI (1031) cpu_start: cpu freq: 240000000 Hz[0m
[0;32mI (1031) app_init: Application information:[0m
[0;32mI (1034) app_init: Project name:     v4_espdl_bench[0m
[0;32mI (1040) app_init: App version:      bench-accel-2026-10-08-1-g64348[0m
[0;32mI (1047) app_init: Compile time:     Oct  8 2026 12:34:21[0m
[0;32mI (1053) app_init: ELF file SHA256:  ff4cfdcbe...[0m
[0;32mI (1058) app_init: ESP-IDF:          v5.3.5-1074-g045dd779fd3[0m
[0;32mI (1065) efuse_init: Min chip rev:     v0.0[0m
[0;32mI (1070) efuse_init: Max chip rev:     v0.99 [0m
[0;32mI (1075) efuse_init: Chip rev:         v0.1[0m
[0;32mI (1080) heap_init: Initializing. RAM available for dynamic allocation:[0m
[0;32mI (1087) heap_init: At 3FC9EED8 len 0004A838 (298 KiB): RAM[0m
[0;32mI (1093) heap_init: At 3FCE9710 len 00005724 (21 KiB): RAM[0m
[0;32mI (1099) heap_init: At 600FE000 len 00001FE8 (7 KiB): RTCRAM[0m
[0;32mI (1106) esp_psram: Adding pool of 8192K of PSRAM memory to heap allocator[0m
[0;32mI (1114) spi_flash: detected chip: gd[0m
[0;32mI (1118) spi_flash: flash io: qio[0m
[0;32mI (1122) sleep: Configure to isolate all GPIO pins in sleep state[0m
[0;32mI (1129) sleep: Enable automatic switching of GPIO sleep configuration[0m
[0;32mI (1136) main_task: Started on CPU0[0m
[0;32mI (1140) esp_psram: Reserving pool of 32K of internal memory for DMA/internal allocations[0m
[0;32mI (1149) main_task: Calling app_main()[0m
[0;32mI (1153) v4_espdl: chip esp32s3, CPU 240 MHz, free heap 8691379 (internal 305659, PSRAM 8385720)[0m
[0;32mI (1315) v4_espdl: model loaded in 152.3 ms, free heap 6554615 (internal 266303, PSRAM 6288312)[0m
[0;32mI (1316) dl::Model: Test max_error = 0.0005 (default)[0m
E (1324) FbsModel: (get_test_input_tensor)The initial parameter is error.
[0;31mE (1326) dl::Model: Model input input doesn't have a corresponding test input. Please enable export_test_values option in esp-ppq when export espdl model.[0m
[0;32mI (1316) v4_espdl: model->test() (ESP-DL vs ESP-PPQ test values): FAIL[0m
[0;32mI (1378) v4_espdl: input 112x112x3, exponent -6 (v4: -6)[0m
CSV,0,254641,0
CSV,1,248986,0
CSV,2,248982,0
CSV,3,248982,0
CSV,4,248983,0
CSV,5,248982,0
CSV,6,248983,0
CSV,7,248982,0
CSV,8,248983,0
CSV,9,248982,0
[0;32mI (3879) v4_espdl: RESULT CSV: best 248.982 ms, mean 249.549 ms over 10 runs[0m
Guru Meditation Error: Core  0 panic'ed (IllegalInstruction). Exception was unhandled.
Memory dump at 0x42074214: 01a1f2da f4ddb2f4 baf4ddb6
Core  0 register dump:
PC      : 0x4207421b  PS      : 0x00060230  A0      : 0x8204cb1e  A1      : 0x3fc9e030
A2      : 0x3c4c55a0  A3      : 0x3c4937f0  A4      : 0x3fcb1114  A5      : 0x3c341930
A6      : 0x00000040  A7      : 0x00000d80  A8      : 0xffffe390  A9      : 0x00000003
A10     : 0x00000005  A11     : 0x3c341450  A12     : 0x00000002  A13     : 0x00000000
A14     : 0x3c341490  A15     : 0x00000101  SAR     : 0x00000010  EXCCAUSE: 0x00000000
EXCVADDR: 0x00000000  LBEG    : 0x420741c5  LEND    : 0x4207424a  LCOUNT  : 0x00000000
Backtrace: 0x42074218:0x3fc9e030 0x4204cb1b:0x3fc9e0b0 0x4201b004:0x3fc9e150 0x42058a16:0x3fc9e170
ELF file SHA256: ff4cfdcbe
Rebooting...
ESP-ROM:esp32s3-20210327
Build:Mar 27 2021
rst:0xc (RTC_SW_CPU_RST),boot:0xc (SPI_FAST_FLASH_BOOT)
Saved PC:0x40379c98
SPIWP:0xee
mode:DIO, clock div:1
load:0x3fce2820,len:0x19b4
load:0x403c8700,len:0x4
load:0x403c8704,len:0xe8c
load:0x403cb700,len:0x3144
entry 0x403c8940
[0;32mI (26) boot: ESP-IDF v5.3.5-1074-g045dd779fd3 2nd stage bootloader[0m
[0;32mI (26) boot: compile time Oct  8 2026 10:18:30[0m
[0;32mI (27) boot: Multicore bootloader[0m
[0;32mI (31) boot: chip revision: v0.1[0m
[0;32mI (35) boot: efuse block revision: v1.2[0m
[0;32mI (39) qio_mode: Enabling default flash chip QIO[0m
[0;32mI (44) boot.esp32s3: Boot SPI Speed : 80MHz[0m
[0;32mI (49) boot.esp32s3: SPI Mode       : QIO[0m
[0;32mI (54) boot.esp32s3: SPI Flash Size : 16MB[0m
[0;32mI (59) boot: Enabling RNG early entropy source...[0m
[0;32mI (64) boot: Partition Table:[0m
[0;32mI (68) boot: ## Label            Usage          Type ST Offset   Length[0m
[0;32mI (75) boot:  0 nvs              WiFi data        01 02 00009000 00006000[0m
[0;32mI (82) boot:  1 phy_init         RF data          01 01 0000f000 00001000[0m
[0;32mI (90) boot:  2 factory          factory app      00 00 00010000 00f00000[0m
[0;32mI (97) boot: End of partition table[0m
[0;32mI (102) esp_image: segment 0: paddr=00010020 vaddr=3c0e0020 size=2554d8h (2446552) map[0m
[0;32mI (488) esp_image: segment 1: paddr=00265500 vaddr=3fc99a00 size=035c8h ( 13768) load[0m
[0;32mI (491) esp_image: segment 2: paddr=00268ad0 vaddr=40378000 size=07548h ( 30024) load[0m
[0;32mI (500) esp_image: segment 3: paddr=00270020 vaddr=42000020 size=dd010h (905232) map[0m
[0;32mI (643) esp_image: segment 4: paddr=0034d038 vaddr=4037f548 size=0a490h ( 42128) load[0m
[0;32mI (658) boot: Loaded app from partition at offset 0x10000[0m
[0;32mI (658) boot: Disabling RNG early entropy source...[0m
[0;32mI (670) octal_psram: vendor id    : 0x0d (AP)[0m
[0;32mI (670) octal_psram: dev id       : 0x02 (generation 3)[0m
[0;32mI (671) octal_psram: density      : 0x03 (64 Mbit)[0m
[0;32mI (675) octal_psram: good-die     : 0x01 (Pass)[0m
[0;32mI (681) octal_psram: Latency      : 0x01 (Fixed)[0m
[0;32mI (686) octal_psram: VCC          : 0x01 (3V)[0m
[0;32mI (691) octal_psram: SRF          : 0x01 (Fast Refresh)[0m
[0;32mI (697) octal_psram: BurstType    : 0x01 (Hybrid Wrap)[0m
[0;32mI (703) octal_psram: BurstLen     : 0x01 (32 Byte)[0m
[0;32mI (708) octal_psram: Readlatency  : 0x02 (10 cycles@Fixed)[0m
[0;32mI (714) octal_psram: DriveStrength: 0x00 (1/1)[0m
[0;32mI (720) MSPI Timing: PSRAM timing tuning index: 5[0m
[0;32mI (725) esp_psram: Found 8MB PSRAM device[0m
[0;32mI (730) esp_psram: Speed: 80MHz[0m
[0;32mI (733) cpu_start: Multicore app[0m
[0;32mI (1023) esp_psram: SPI SRAM memory test OK[0m
[0;32mI (1031) cpu_start: Pro cpu start user code[0m
[0;32mI (1031) cpu_start: cpu freq: 240000000 Hz[0m
[0;32mI (1031) app_init: Application information:[0m
[0;32mI (1034) app_init: Project name:     v4_espdl_bench[0m
[0;32mI (1040) app_init: App version:      bench-accel-2026-10-08-1-g64348[0m
[0;32mI (1047) app_init: Compile time:     Oct  8 2026 12:34:21[0m
[0;32mI (1053) app_init: ELF file SHA256:  ff4cfdcbe...[0m
[0;32mI (1058) app_init: ESP-IDF:          v5.3.5-1074-g045dd779fd3[0m
[0;32mI (1065) efuse_init: Min chip rev:     v0.0[0m
[0;32mI (1070) efuse_init: Max chip rev:     v0.99 [0m
[0;32mI (1075) efuse_init: Chip rev:         v0.1[0m
[0;32mI (1080) heap_init: Initializing. RAM available for dynamic allocation:[0m
[0;32mI (1087) heap_init: At 3FC9EED8 len 0004A838 (298 KiB): RAM[0m
[0;32mI (1093) heap_init: At 3FCE9710 len 00005724 (21 KiB): RAM[0m
[0;32mI (1099) heap_init: At 600FE000 len 00001FE8 (7 KiB): RTCRAM[0m
[0;32mI (1106) esp_psram: Adding pool of 8192K of PSRAM memory to heap allocator[0m
[0;32mI (1114) spi_flash: detected chip: gd[0m
[0;32mI (1118) spi_flash: flash io: qio[0m
[0;32mI (1122) sleep: Configure to isolate all GPIO pins in sleep state[0m
[0;32mI (1129) sleep: Enable automatic switching of GPIO sleep configuration[0m
[0;32mI (1136) main_task: Started on CPU0[0m
[0;32mI (1140) esp_psram: Reserving pool of 32K of internal memory for DMA/internal allocations[0m
[0;32mI (1149) main_task: Calling app_main()[0m
[0;32mI (1153) v4_espdl: chip esp32s3, CPU 240 MHz, free heap 8691379 (internal 305659, PSRAM 8385720)[0m
[0;32mI (1315) v4_espdl: model loaded in 152.3 ms, free heap 6554615 (internal 266303, PSRAM 6288312)[0m
[0;32mI (1316) dl::Model: Test max_error = 0.0005 (default)[0m
E (1324) FbsModel: (get_test_input_tensor)The initial parameter is error.
[0;31mE (1326) dl::Model: Model input input doesn't have a corresponding test input. Please enable export_test_values option in esp-ppq when export espdl model.[0m
[0;32mI (1316) v4_espdl: model->test() (ESP-DL vs ESP-PPQ test values): FAIL[0m
[0;32mI (1378) v4_espdl: input 112x112x3, exponent -6 (v4: -6)[0m
CSV,0,254648,0
CSV,1,248970,0
CSV,2,248969,0
CSV,3,248963,0
CSV,4,248987,0
CSV,5,248976,0
CSV,6,248977,0
CSV,7,248971,0
CSV,8,248989,0
CSV,9,248969,0
[0;32mI (3879) v4_espdl: RESULT CSV: best 248.963 ms, mean 249.542 ms over 10 runs[0m
CSV2,0,221673,0
Guru Meditation Error: Core  0 panic'ed (IllegalInstruction). Exception was unhandled.
Memory dump at 0x42074214: 01a1f2da f4ddb2f4 baf4ddb6
Core  0 register dump:
PC      : 0x4207421b  PS      : 0x00060730  A0      : 0x8204cb1e  A1      : 0x3fc9e030
A2      : 0x3c4c15a0  A3      : 0x3c48f7f0  A4      : 0x3fcb1114  A5      : 0x3c341930
A6      : 0x00000040  A7      : 0x00000d80  A8      : 0xffffe390  A9      : 0x00000003
A10     : 0x00000005  A11     : 0x3c341450  A12     : 0x00000002  A13     : 0x00000000
A14     : 0x3c341490  A15     : 0x00000101  SAR     : 0x00000010  EXCCAUSE: 0x00000000
EXCVADDR: 0x00000000  LBEG    : 0x420741c5  LEND    : 0x4207424a  LCOUNT  : 0x00000000
Backtrace: 0x42074218:0x3fc9e030 0x4204cb1b:0x3fc9e0b0 0x4201b004:0x3fc9e150 0x42058a16:0x3fc9e170
ELF file SHA256: ff4cfdcbe
Rebooting...
ESP-ROM:esp32s3-20210327
Build:Mar 27 2021
rst:0xc (RTC_SW_CPU_RST),boot:0xc (SPI_FAST_FLASH_BOOT)
Saved PC:0x40379c98
SPIWP:0xee
mode:DIO, clock div:1
load:0x3fce2820,len:0x19b4
load:0x403c8700,len:0x4
load:0x403c8704,len:0xe8c
load:0x403cb700,len:0x3144
entry 0x403c8940
[0;32mI (26) boot: ESP-IDF v5.3.5-1074-g045dd779fd3 2nd stage bootloader[0m
[0;32mI (26) boot: compile time Oct  8 2026 10:18:30[0m
[0;32mI (27) boot: Multicore bootloader[0m
[0;32mI (31) boot: chip revision: v0.1[0m
[0;32mI (35) boot: efuse block revision: v1.2[0m
[0;32mI (39) qio_mode: Enabling default flash chip QIO[0m
[0;32mI (44) boot.esp32s3: Boot SPI Speed : 80MHz[0m
[0;32mI (49) boot.esp32s3: SPI Mode       : QIO[0m
[0;32mI (54) boot.esp32s3: SPI Flash Size : 16MB[0m
[0;32mI (59) boot: Enabling RNG early entropy source...[0m
[0;32mI (64) boot: Partition Table:[0m
[0;32mI (68) boot: ## Label            Usage          Type ST Offset   Length[0m
[0;32mI (75) boot:  0 nvs              WiFi data        01 02 00009000 00006000[0m
[0;32mI (82) boot:  1 phy_init         RF data          01 01 0000f000 00001000[0m
[0;32mI (90) boot:  2 factory          factory app      00 00 00010000 00f00000[0m
[0;32mI (97) boot: End of partition table[0m
[0;32mI (102) esp_image: segment 0: paddr=00010020 vaddr=3c0e0020 size=2554d8h (2446552) map[0m
[0;32mI (488) esp_image: segment 1: paddr=00265500 vaddr=3fc99a00 size=035c8h ( 13768) load[0m
[0;32mI (491) esp_image: segment 2: paddr=00268ad0 vaddr=40378000 size=07548h ( 30024) load[0m
[0;32mI (500) esp_image: segment 3: paddr=00270020 vaddr=42000020 size=dd010h (905232) map[0m
[0;32mI (643) esp_image: segment 4: paddr=0034d038 vaddr=4037f548 size=0a490h ( 42128) load[0m
[0;32mI (658) boot: Loaded app from partition at offset 0x10000[0m
[0;32mI (658) boot: Disabling RNG early entropy source...[0m
[0;32mI (670) octal_psram: vendor id    : 0x0d (AP)[0m
[0;32mI (670) octal_psram: dev id       : 0x02 (generation 3)[0m
[0;32mI (671) octal_psram: density      : 0x03 (64 Mbit)[0m
[0;32mI (675) octal_psram: good-die     : 0x01 (Pass)[0m
[0;32mI (681) octal_psram: Latency      : 0x01 (Fixed)[0m
[0;32mI (686) octal_psram: VCC          : 0x01 (3V)[0m
[0;32mI (691) octal_psram: SRF          : 0x01 (Fast Refresh)[0m
[0;32mI (697) octal_psram: BurstType    : 0x01 (Hybrid Wrap)[0m
[0;32mI (703) octal_psram: BurstLen     : 0x01 (32 Byte)[0m
[0;32mI (708) octal_psram: Readlatency  : 0x02 (10 cycles@Fixed)[0m
[0;32mI (714) octal_psram: DriveStrength: 0x00 (1/1)[0m
[0;32mI (720) MSPI Timing: PSRAM timing tuning index: 5[0m
[0;32mI (725) esp_psram: Found 8MB PSRAM device[0m
[0;32mI (730) esp_psram: Speed: 80MHz[0m
[0;32mI (733) cpu_start: Multicore app[0m
[0;32mI (1023) esp_psram: SPI SRAM memory test OK[0m
[0;32mI (1031) cpu_start: Pro cpu start user code[0m
[0;32mI (1031) cpu_start: cpu freq: 240000000 Hz[0m
[0;32mI (1031) app_init: Application information:[0m
[0;32mI (1034) app_init: Project name:     v4_espdl_bench[0m
[0;32mI (1040) app_init: App version:      bench-accel-2026-10-08-1-g64348[0m
[0;32mI (1047) app_init: Compile time:     Oct  8 2026 12:34:21[0m
[0;32mI (1053) app_init: ELF file SHA256:  ff4cfdcbe...[0m
[0;32mI (1058) app_init: ESP-IDF:          v5.3.5-1074-g045dd779fd3[0m
[0;32mI (1065) efuse_init: Min chip rev:     v0.0[0m
[0;32mI (1070) efuse_init: Max chip rev:     v0.99 [0m
[0;32mI (1075) efuse_init: Chip rev:         v0.1[0m
[0;32mI (1080) heap_init: Initializing. RAM available for dynamic allocation:[0m
[0;32mI (1087) heap_init: At 3FC9EED8 len 0004A838 (298 KiB): RAM[0m
[0;32mI (1093) heap_init: At 3FCE9710 len 00005724 (21 KiB): RAM[0m
[0;32mI (1099) heap_init: At 600FE000 len 00001FE8 (7 KiB): RTCRAM[0m
[0;32mI (1106) esp_psram: Adding pool of 8192K of PSRAM memory to heap allocator[0m
[0;32mI (1114) spi_flash: detected chip: gd[0m
[0;32mI (1118) spi_flash: flash io: qio[0m
[0;32mI (1122) sleep: Configure to isolate all GPIO pins in sleep state[0m
[0;32mI (1129) sleep: Enable automatic switching of GPIO sleep configuration[0m
[0;32mI (1136) main_task: Started on CPU0[0m
[0;32mI (1140) esp_psram: Reserving pool of 32K of internal memory for DMA/internal allocations[0m
[0;32mI (1149) main_task: Calling app_main()[0m
[0;32mI (1153) v4_espdl: chip esp32s3, CPU 240 MHz, free heap 8691379 (internal 305659, PSRAM 8385720)[0m
[0;32mI (1315) v4_espdl: model loaded in 152.3 ms, free heap 6554615 (internal 266303, PSRAM 6288312)[0m
[0;32mI (1316) dl::Model: Test max_error = 0.0005 (default)[0m
E (1324) FbsModel: (get_test_input_tensor)The initial parameter is error.
[0;31mE (1326) dl::Model: Model input input doesn't have a corresponding test input. Please enable export_test_values option in esp-ppq when export espdl model.[0m
[0;32mI (1316) v4_espdl: model->test() (ESP-DL vs ESP-PPQ test values): FAIL[0m
[0;32mI (1378) v4_espdl: input 112x112x3, exponent -6 (v4: -6)[0m
CSV,0,254646,0
CSV,1,248979,0
CSV,2,248985,0
CSV,3,248979,0
CSV,4,248985,0
CSV,5,248979,0
CSV,6,248985,0
CSV,7,248979,0
CSV,8,248985,0
CSV,9,248979,0
[0;32mI (3879) v4_espdl: RESULT CSV: best 248.979 ms, mean 249.548 ms over 10 runs[0m
Guru Meditation Error: Core  0 panic'ed (IllegalInstruction). Exception was unhandled.
Memory dump at 0x42074214: 01a1f2da f4ddb2f4 baf4ddb6
Core  0 register dump:
PC      : 0x4207421b  PS      : 0x00060230  A0      : 0x8204cb1e  A1      : 0x3fc9e030
A2      : 0x3c4b15a0  A3      : 0x3c47f7f0  A4      : 0x3fcb1114  A5      : 0x3c341930
A6      : 0x00000040  A7      : 0x00000d80  A8      : 0xffffe390  A9      : 0x00000003
A10     : 0x00000005  A11     : 0x3c341450  A12     : 0x00000002  A13     : 0x00000000
A14     : 0x3c341490  A15     : 0x00000101  SAR     : 0x00000010  EXCCAUSE: 0x00000000
EXCVADDR: 0x00000000  LBEG    : 0x420741c5  LEND    : 0x4207424a  LCOUNT  : 0x00000000
Backtrace: 0x42074218:0x3fc9e030 0x4204cb1b:0x3fc9e0b0 0x4201b004:0x3fc9e150 0x42058a16:0x3fc9e170
ELF file SHA256: ff4cfdcbe
Rebooting...
ESP-ROM:esp32s3-20210327
Build:Mar 27 2021
rst:0xc (RTC_SW_CPU_RST),boot:0xc (SPI_FAST_FLASH_BOOT)
Saved PC:0x40379c98
SPIWP:0xee
mode:DIO, clock div:1
load:0x3fce2820,len:0x19b4
load:0x403c8700,len:0x4
load:0x403c8704,len:0xe8c
load:0x403cb700,len:0x3144
entry 0x403c8940
[0;32mI (26) boot: ESP-IDF v5.3.5-1074-g045dd779fd3 2nd stage bootloader[0m
[0;32mI (26) boot: compile time Oct  8 2026 10:18:30[0m
[0;32mI (27) boot: Multicore bootloader[0m
[0;32mI (31) boot: chip revision: v0.1[0m
[0;32mI (35) boot: efuse block revision: v1.2[0m
[0;32mI (39) qio_mode: Enabling default flash chip QIO[0m
[0;32mI (44) boot.esp32s3: Boot SPI Speed : 80MHz[0m
[0;32mI (49) boot.esp32s3: SPI Mode       : QIO[0m
[0;32mI (54) boot.esp32s3: SPI Flash Size : 16MB[0m
[0;32mI (59) boot: Enabling RNG early entropy source...[0m
[0;32mI (64) boot: Partition Table:[0m
[0;32mI (68) boot: ## Label            Usage          Type ST Offset   Length[0m
[0;32mI (75) boot:  0 nvs              WiFi data        01 02 00009000 00006000[0m
[0;32mI (82) boot:  1 phy_init         RF data          01 01 0000f000 00001000[0m
[0;32mI (90) boot:  2 factory          factory app      00 00 00010000 00f00000[0m
[0;32mI (97) boot: End of partition table[0m
[0;32mI (102) esp_image: segment 0: paddr=00010020 vaddr=3c0e0020 size=2554d8h (2446552) map[0m
[0;32mI (488) esp_image: segment 1: paddr=00265500 vaddr=3fc99a00 size=035c8h ( 13768) load[0m
[0;32mI (491) esp_image: segment 2: paddr=00268ad0 vaddr=40378000 size=07548h ( 30024) load[0m
[0;32mI (500) esp_image: segment 3: paddr=00270020 vaddr=42000020 size=dd010h (905232) map[0m
[0;32mI (643) esp_image: segment 4: paddr=0034d038 vaddr=4037f548 size=0a490h ( 42128) load[0m
[0;32mI (658) boot: Loaded app from partition at offset 0x10000[0m
[0;32mI (658) boot: Disabling RNG early entropy source...[0m
[0;32mI (670) octal_psram: vendor id    : 0x0d (AP)[0m
[0;32mI (670) octal_psram: dev id       : 0x02 (generation 3)[0m
[0;32mI (671) octal_psram: density      : 0x03 (64 Mbit)[0m
[0;32mI (675) octal_psram: good-die     : 0x01 (Pass)[0m
[0;32mI (681) octal_psram: Latency      : 0x01 (Fixed)[0m
[0;32mI (686) octal_psram: VCC          : 0x01 (3V)[0m
[0;32mI (691) octal_psram: SRF          : 0x01 (Fast Refresh)[0m
[0;32mI (697) octal_psram: BurstType    : 0x01 (Hybrid Wrap)[0m
[0;32mI (703) octal_psram: BurstLen     : 0x01 (32 Byte)[0m
[0;32mI (708) octal_psram: Readlatency  : 0x02 (10 cycles@Fixed)[0m
[0;32mI (714) octal_psram: DriveStrength: 0x00 (1/1)[0m
[0;32mI (720) MSPI Timing: PSRAM timing tuning index: 5[0m
[0;32mI (725) esp_psram: Found 8MB PSRAM device[0m
[0;32mI (730) esp_psram: Speed: 80MHz[0m
[0;32mI (733) cpu_start: Multicore app[0m
[0;32mI (1023) esp_psram: SPI SRAM memory test OK[0m
[0;32mI (1031) cpu_start: Pro cpu start user code[0m
[0;32mI (1031) cpu_start: cpu freq: 240000000 Hz[0m
[0;32mI (1031) app_init: Application information:[0m
[0;32mI (1034) app_init: Project name:     v4_espdl_bench[0m
[0;32mI (1040) app_init: App version:      bench-accel-2026-10-08-1-g64348[0m
[0;32mI (1047) app_init: Compile time:     Oct  8 2026 12:34:21[0m
[0;32mI (1053) app_init: ELF file SHA256:  ff4cfdcbe...[0m
[0;32mI (1058) app_init: ESP-IDF:          v5.3.5-1074-g045dd779fd3[0m
[0;32mI (1065) efuse_init: Min chip rev:     v0.0[0m
[0;32mI (1070) efuse_init: Max chip rev:     v0.99 [0m
[0;32mI (1075) efuse_init: Chip rev:         v0.1[0m
[0;32mI (1080) heap_init: Initializing. RAM available for dynamic allocation:[0m
[0;32mI (1087) heap_init: At 3FC9EED8 len 0004A838 (298 KiB): RAM[0m
[0;32mI (1093) heap_init: At 3FCE9710 len 00005724 (21 KiB): RAM[0m
[0;32mI (1099) heap_init: At 600FE000 len 00001FE8 (7 KiB): RTCRAM[0m
[0;32mI (1106) esp_psram: Adding pool of 8192K of PSRAM memory to heap allocator[0m
[0;32mI (1114) spi_flash: detected chip: gd[0m
[0;32mI (1118) spi_flash: flash io: qio[0m
[0;32mI (1122) sleep: Configure to isolate all GPIO pins in sleep state[0m
[0;32mI (1129) sleep: Enable automatic switching of GPIO sleep configuration[0m
[0;32mI (1136) main_task: Started on CPU0[0m
[0;32mI (1140) esp_psram: Reserving pool of 32K of internal memory for DMA/internal allocations[0m
[0;32mI (1149) main_task: Calling app_main()[0m
[0;32mI (1153) v4_espdl: chip esp32s3, CPU 240 MHz, free heap 8691379 (internal 305659, PSRAM 8385720)[0m
[0;32mI (1315) v4_espdl: model loaded in 152.3 ms, free heap 6554615 (internal 266303, PSRAM 6288312)[0m
[0;32mI (1316) dl::Model: Test max_error = 0.0005 (default)[0m
E (1324) FbsModel: (get_test_input_tensor)The initial parameter is error.
[0;31mE (1326) dl::Model: Model input input doesn't have a corresponding test input. Please enable export_test_values option in esp-ppq when export espdl model.[0m
[0;32mI (1316) v4_espdl: model->test() (ESP-DL vs ESP-PPQ test values): FAIL[0m
[0;32mI (1378) v4_espdl: input 112x112x3, exponent -6 (v4: -6)[0m
CSV,0,254645,0
CSV,1,248986,0
CSV,2,248983,0
CSV,3,248982,0
CSV,4,248983,0
CSV,5,248982,0
CSV,6,248983,0
CSV,7,248982,0
CSV,8,248983,0
CSV,9,248982,0
[0;32mI (3879) v4_espdl: RESULT CSV: best 248.982 ms, mean 249.549 ms over 10 runs[0m
CSV2,0,221699,0
Guru Meditation Error: Core  0 panic'ed (IllegalInstruction). Exception was unhandled.
Memory dump at 0x42074214: 01a1f2da f4ddb2f4 baf4ddb6
Core  0 register dump:
PC      : 0x4207421b  PS      : 0x00060730  A0      : 0x8204cb1e  A1      : 0x3fc9e030
A2      : 0x3c4c15a0  A3      : 0x3c48f7f0  A4      : 0x3fcb1114  A5      : 0x3c341930
A6      : 0x00000040  A7      : 0x00000d80  A8      : 0xffffe390  A9      : 0x00000003
A10     : 0x00000005  A11     : 0x3c341450  A12     : 0x00000002  A13     : 0x00000000
A14     : 0x3c341490  A15     : 0x00000101  SAR     : 0x00000010  EXCCAUSE: 0x00000000
EXCVADDR: 0x00000000  LBEG    : 0x420741c5  LEND    : 0x4207424a  LCOUNT  : 0x00000000
Backtrace: 0x42074218:0x3fc9e030 0x4204cb1b:0x3fc9e0b0 0x4201b004:0x3fc9e150 0x42058a16:0x3fc9e170
ELF file SHA256: ff4cfdcbe
Rebooting...
ESP-ROM:esp32s3-20210327
Build:Mar 27 2021
rst:0xc (RTC_SW_CPU_RST),boot:0xc (SPI_FAST_FLASH_BOOT)
Saved PC:0x40379c98
SPIWP:0xee
mode:DIO, clock div:1
load:0x3fce2820,len:0x19b4
load:0x403c8700,len:0x4
load:0x403c8704,len:0xe8c
load:0x403cb700,len:0x3144
entry 0x403c8940
[0;32mI (26) boot: ESP-IDF v5.3.5-1074-g045dd779fd3 2nd stage bootloader[0m
[0;32mI (26) boot: compile time Oct  8 2026 10:18:30[0m
[0;32mI (27) boot: Multicore bootloader[0m
[0;32mI (31) boot: chip revision: v0.1[0m
[0;32mI (35) boot: efuse block revision: v1.2[0m
[0;32mI (39) qio_mode: Enabling default flash chip QIO[0m
[0;32mI (44) boot.esp32s3: Boot SPI Speed : 80MHz[0m
[0;32mI (49) boot.esp32s3: SPI Mode       : QIO[0m
[0;32mI (54) boot.esp32s3: SPI Flash Size : 16MB[0m
[0;32mI (59) boot: Enabling RNG early entropy source...[0m
[0;32mI (64) boot: Partition Table:[0m
[0;32mI (68) boot: ## Label            Usage          Type ST Offset   Length[0m
[0;32mI (75) boot:  0 nvs              WiFi data        01 02 00009000 00006000[0m
[0;32mI (82) boot:  1 phy_init         RF data          01 01 0000f000 00001000[0m
[0;32mI (90) boot:  2 factory          factory app      00 00 00010000 00f00000[0m
[0;32mI (97) boot: End of partition table[0m
[0;32mI (102) esp_image: segment 0: paddr=00010020 vaddr=3c0e0020 size=2554d8h (2446552) map[0m
[0;32mI (488) esp_image: segment 1: paddr=00265500 vaddr=3fc99a00 size=035c8h ( 13768) load[0m
[0;32mI (491) esp_image: segment 2: paddr=00268ad0 vaddr=40378000 size=07548h ( 30024) load[0m
[0;32mI (500) esp_image: segment 3: paddr=00270020 vaddr=42000020 size=dd010h (905232) map[0m
[0;32mI (643) esp_image: segment 4: paddr=0034d038 vaddr=4037f548 size=0a490h ( 42128) load[0m
[0;32mI (658) boot: Loaded app from partition at offset 0x10000[0m
[0;32mI (658) boot: Disabling RNG early entropy source...[0m
[0;32mI (670) octal_psram: vendor id    : 0x0d (AP)[0m
[0;32mI (670) octal_psram: dev id       : 0x02 (generation 3)[0m
[0;32mI (671) octal_psram: density      : 0x03 (64 Mbit)[0m
[0;32mI (675) octal_psram: good-die     : 0x01 (Pass)[0m
[0;32mI (681) octal_psram: Latency      : 0x01 (Fixed)[0m
[0;32mI (686) octal_psram: VCC          : 0x01 (3V)[0m
[0;32mI (691) octal_psram: SRF          : 0x01 (Fast Refresh)[0m
[0;32mI (697) octal_psram: BurstType    : 0x01 (Hybrid Wrap)[0m
[0;32mI (703) octal_psram: BurstLen     : 0x01 (32 Byte)[0m
[0;32mI (708) octal_psram: Readlatency  : 0x02 (10 cycles@Fixed)[0m
[0;32mI (714) octal_psram: DriveStrength: 0x00 (1/1)[0m
[0;32mI (720) MSPI Timing: PSRAM timing tuning index: 5[0m
[0;32mI (725) esp_psram: Found 8MB PSRAM device[0m
[0;32mI (730) esp_psram: Speed: 80MHz[0m
[0;32mI (733) cpu_start: Multicore app[0m
[0;32mI (1023) esp_psram: SPI SRAM memory test OK[0m
[0;32mI (1031) cpu_start: Pro cpu start user code[0m
[0;32mI (1031) cpu_start: cpu freq: 240000000 Hz[0m
[0;32mI (1031) app_init: Application information:[0m
[0;32mI (1034) app_init: Project name:     v4_espdl_bench[0m
[0;32mI (1040) app_init: App version:      bench-accel-2026-10-08-1-g64348[0m
[0;32mI (1047) app_init: Compile time:     Oct  8 2026 12:34:21[0m
[0;32mI (1053) app_init: ELF file SHA256:  ff4cfdcbe...[0m
[0;32mI (1058) app_init: ESP-IDF:          v5.3.5-1074-g045dd779fd3[0m
[0;32mI (1065) efuse_init: Min chip rev:     v0.0[0m
[0;32mI (1070) efuse_init: Max chip rev:     v0.99 [0m
[0;32mI (1075) efuse_init: Chip rev:         v0.1[0m
[0;32mI (1080) heap_init: Initializing. RAM available for dynamic allocation:[0m
[0;32mI (1087) heap_init: At 3FC9EED8 len 0004A838 (298 KiB): RAM[0m
[0;32mI (1093) heap_init: At 3FCE9710 len 00005724 (21 KiB): RAM[0m
[0;32mI (1099) heap_init: At 600FE000 len 00001FE8 (7 KiB): RTCRAM[0m
[0;32mI (1106) esp_psram: Adding pool of 8192K of PSRAM memory to heap allocator[0m
[0;32mI (1114) spi_flash: detected chip: gd[0m
[0;32mI (1118) spi_flash: flash io: qio[0m
[0;32mI (1122) sleep: Configure to isolate all GPIO pins in sleep state[0m
[0;32mI (1129) sleep: Enable automatic switching of GPIO sleep configuration[0m
[0;32mI (1136) main_task: Started on CPU0[0m
[0;32mI (1140) esp_psram: Reserving pool of 32K of internal memory for DMA/internal allocations[0m
[0;32mI (1149) main_task: Calling app_main()[0m
[0;32mI (1153) v4_espdl: chip esp32s3, CPU 240 MHz, free heap 8691379 (internal 305659, PSRAM 8385720)[0m
[0;32mI (1315) v4_espdl: model loaded in 152.3 ms, free heap 6554615 (internal 266303, PSRAM 6288312)[0m
[0;32mI (1316) dl::Model: Test max_error = 0.0005 (default)[0m
E (1324) FbsModel: (get_test_input_tensor)The initial parameter is error.
[0;31mE (1326) dl::Model: Model input input doesn't have a corresponding test input. Please enable export_test_values option in esp-ppq when export espdl model.[0m
[0;32mI (1316) v4_espdl: model->test() (ESP-DL vs ESP-PPQ test values): FAIL[0m
[0;32mI (1378) v4_espdl: input 112x112x3, exponent -6 (v4: -6)[0m
CSV,0,254641,0
CSV,1,248986,0
CSV,2,248986,0
CSV,3,248979,0
CSV,4,248986,0
CSV,5,248979,0
CSV,6,248986,0
CSV,7,248979,0
CSV,8,248986,0
CSV,9,248979,0
[0;32mI (3879) v4_espdl: RESULT CSV: best 248.979 ms, mean 249.549 ms over 10 runs[0m
Guru Meditation Error: Core  0 panic'ed (IllegalInstruction). Exception was unhandled.
Memory dump at 0x42074214: 01a1f2da f4ddb2f4 baf4ddb6
Core  0 register dump:
PC      : 0x4207421b  PS      : 0x00060230  A0      : 0x8204cb1e  A1      : 0x3fc9e030
A2      : 0x3c4b15a0  A3      : 0x3c47f7f0  A4      : 0x3fcb1114  A5      : 0x3c341930
A6      : 0x00000040  A7      : 0x00000d80  A8      : 0xffffe390  A9      : 0x00000003
A10     : 0x00000005  A11     : 0x3c341450  A12     : 0x00000002  A13     : 0x00000000
A14     : 0x3c341490  A15     : 0x00000101  SAR     : 0x00000010  EXCCAUSE: 0x00000000
EXCVADDR: 0x00000000  LBEG    : 0x420741c5  LEND    : 0x4207424a  LCOUNT  : 0x00000000
Backtrace: 0x42074218:0x3fc9e030 0x4204cb1b:0x3fc9e0b0 0x4201b004:0x3fc9e150 0x42058a16:0x3fc9e170
ELF file SHA256: ff4cfdcbe
Rebooting...
ESP-ROM:esp32s3-20210327
Build:Mar 27 2021
rst:0xc (RTC_SW_CPU_RST),boot:0xc (SPI_FAST_FLASH_BOOT)
Saved PC:0x40379c98
SPIWP:0xee
mode:DIO, clock div:1
load:0x3fce2820,len:0x19b4
load:0x403c8700,len:0x4
load:0x403c8704,len:0xe8c
load:0x403cb700,len:0x3144
entry 0x403c8940
[0;32mI (26) boot: ESP-IDF v5.3.5-1074-g045dd779fd3 2nd stage bootloader[0m
[0;32mI (26) boot: compile time Oct  8 2026 10:18:30[0m
[0;32mI (27) boot: Multicore bootloader[0m
[0;32mI (31) boot: chip revision: v0.1[0m
[0;32mI (35) boot: efuse block revision: v1.2[0m
[0;32mI (39) qio_mode: Enabling default flash chip QIO[0m
[0;32mI (44) boot.esp32s3: Boot SPI Speed : 80MHz[0m
[0;32mI (49) boot.esp32s3: SPI Mode       : QIO[0m
[0;32mI (54) boot.esp32s3: SPI Flash Size : 16MB[0m
[0;32mI (59) boot: Enabling RNG early entropy source...[0m
[0;32mI (64) boot: Partition Table:[0m
[0;32mI (68) boot: ## Label            Usage          Type ST Offset   Length[0m
[0;32mI (75) boot:  0 nvs              WiFi data        01 02 00009000 00006000[0m
[0;32mI (82) boot:  1 phy_init         RF data          01 01 0000f000 00001000[0m
[0;32mI (90) boot:  2 factory          factory app      00 00 00010000 00f00000[0m
[0;32mI (97) boot: End of partition table[0m
[0;32mI (102) esp_image: segment 0: paddr=00010020 vaddr=3c0e0020 size=2554d8h (2446552) map[0m
[0;32mI (488) esp_image: segment 1: paddr=00265500 vaddr=3fc99a00 size=035c8h ( 13768) load[0m
[0;32mI (491) esp_image: segment 2: paddr=00268ad0 vaddr=40378000 size=07548h ( 30024) load[0m
[0;32mI (500) esp_image: segment 3: paddr=00270020 vaddr=42000020 size=dd010h (905232) map[0m
[0;32mI (643) esp_image: segment 4: paddr=0034d038 vaddr=4037f548 size=0a490h ( 42128) load[0m
[0;32mI (658) boot: Loaded app from partition at offset 0x10000[0m
[0;32mI (658) boot: Disabling RNG early entropy source...[0m
[0;32mI (670) octal_psram: vendor id    : 0x0d (AP)[0m
[0;32mI (670) octal_psram: dev id       : 0x02 (generation 3)[0m
[0;32mI (671) octal_psram: density      : 0x03 (64 Mbit)[0m
[0;32mI (675) octal_psram: good-die     : 0x01 (Pass)[0m
[0;32mI (681) octal_psram: Latency      : 0x01 (Fixed)[0m
[0;32mI (686) octal_psram: VCC          : 0x01 (3V)[0m
[0;32mI (691) octal_psram: SRF          : 0x01 (Fast Refresh)[0m
[0;32mI (697) octal_psram: BurstType    : 0x01 (Hybrid Wrap)[0m
[0;32mI (703) octal_psram: BurstLen     : 0x01 (32 Byte)[0m
[0;32mI (708) octal_psram: Readlatency  : 0x02 (10 cycles@Fixed)[0m
[0;32mI (714) octal_psram: DriveStrength: 0x00 (1/1)[0m
[0;32mI (720) MSPI Timing: PSRAM timing tuning index: 5[0m
[0;32mI (725) esp_psram: Found 8MB PSRAM device[0m
[0;32mI (730) esp_psram: Speed: 80MHz[0m
[0;32mI (733) cpu_start: Multicore app[0m
[0;32mI (1023) esp_psram: SPI SRAM memory test OK[0m
[0;32mI (1031) cpu_start: Pro cpu start user code[0m
[0;32mI (1031) cpu_start: cpu freq: 240000000 Hz[0m
[0;32mI (1031) app_init: Application information:[0m
[0;32mI (1034) app_init: Project name:     v4_espdl_bench[0m
[0;32mI (1040) app_init: App version:      bench-accel-2026-10-08-1-g64348[0m
[0;32mI (1047) app_init: Compile time:     Oct  8 2026 12:34:21[0m
[0;32mI (1053) app_init: ELF file SHA256:  ff4cfdcbe...[0m
[0;32mI (1058) app_init: ESP-IDF:          v5.3.5-1074-g045dd779fd3[0m
[0;32mI (1065) efuse_init: Min chip rev:     v0.0[0m
[0;32mI (1070) efuse_init: Max chip rev:     v0.99 [0m
[0;32mI (1075) efuse_init: Chip rev:         v0.1[0m
[0;32mI (1080) heap_init: Initializing. RAM available for dynamic allocation:[0m
[0;32mI (1087) heap_init: At 3FC9EED8 len 0004A838 (298 KiB): RAM[0m
[0;32mI (1093) heap_init: At 3FCE9710 len 00005724 (21 KiB): RAM[0m
[0;32mI (1099) heap_init: At 600FE000 len 00001FE8 (7 KiB): RTCRAM[0m
[0;32mI (1106) esp_psram: Adding pool of 8192K of PSRAM memory to heap allocator[0m
[0;32mI (1114) spi_flash: detected chip: gd[0m
[0;32mI (1118) spi_flash: flash io: qio[0m
[0;32mI (1122) sleep: Configure to isolate all GPIO pins in sleep state[0m
[0;32mI (1129) sleep: Enable automatic switching of GPIO sleep configuration[0m
[0;32mI (1136) main_task: Started on CPU0[0m
[0;32mI (1140) esp_psram: Reserving pool of 32K of internal memory for DMA/internal allocations[0m
[0;32mI (1149) main_task: Calling app_main()[0m
[0;32mI (1153) v4_espdl: chip esp32s3, CPU 240 MHz, free heap 8691379 (internal 305659, PSRAM 8385720)[0m
[0;32mI (1315) v4_espdl: model loaded in 152.3 ms, free heap 6554615 (internal 266303, PSRAM 6288312)[0m
[0;32mI (1316) dl::Model: Test max_error = 0.0005 (default)[0m
E (1324) FbsModel: (get_test_input_tensor)The initial parameter is error.
[0;31mE (1326) dl::Model: Model input input doesn't have a corresponding test input. Please enable export_test_values option in esp-ppq when export espdl model.[0m
[0;32mI (1316) v4_espdl: model->test() (ESP-DL vs ESP-PPQ test values): FAIL[0m
[0;32mI (1378) v4_espdl: input 112x112x3, exponent -6 (v4: -6)[0m
CSV,0,254641,0
CSV,1,248986,0
CSV,2,248982,0
CSV,3,248982,0
CSV,4,248983,0
CSV,5,248982,0
CSV,6,248983,0
CSV,7,248982,0
CSV,8,248983,0
CSV,9,248982,0
[0;32mI (3879) v4_espdl: RESULT CSV: best 248.982 ms, mean 249.549 ms over 10 runs[0m
Guru Meditation Error: Core  0 panic'ed (IllegalInstruction). Exception was unhandled.
Memory dump at 0x42074214: 01a1f2da f4ddb2f4 baf4ddb6
Core  0 register dump:
PC      : 0x4207421b  PS      : 0x00060230  A0      : 0x8204cb1e  A1      : 0x3fc9e030
A2      : 0x3c4b55a0  A3      : 0x3c4837f0  A4      : 0x3fcb1114  A5      : 0x3c341930
A6      : 0x00000040  A7      : 0x00000d80  A8      : 0xffffe390  A9      : 0x00000003
A10     : 0x00000005  A11     : 0x3c341450  A12     : 0x00000002  A13     : 0x00000000
A14     : 0x3c341490  A15     : 0x00000101  SAR     : 0x00000010  EXCCAUSE: 0x00000000
EXCVADDR: 0x00000000  LBEG    : 0x420741c5  LEND    : 0x4207424a  LCOUNT  : 0x00000000
Backtrace: 0x42074218:0x3fc9e030 0x4204cb1b:0x3fc9e0b0 0x4201b004:0x3fc9e150 0x42058a16:0x3fc9e170
ELF file SHA256: ff4cfdcbe
Rebooting...
ESP-ROM:esp32s3-20210327
Build:Mar 27 2021
rst:0xc (RTC_SW_CPU_RST),boot:0xc (SPI_FAST_FLASH_BOOT)
Saved PC:0x40379c98
SPIWP:0xee
mode:DIO, clock div:1
load:0x3fce2820,len:0x19b4
load:0x403c8700,len:0x4
load:0x403c8704,len:0xe8c
load:0x403cb700,len:0x3144
entry 0x403c8940
[0;32mI (26) boot: ESP-IDF v5.3.5-1074-g045dd779fd3 2nd stage bootloader[0m
[0;32mI (26) boot: compile time Oct  8 2026 10:18:30[0m
[0;32mI (27) boot: Multicore bootloader[0m
[0;32mI (31) boot: chip revision: v0.1[0m
[0;32mI (35) boot: efuse block revision: v1.2[0m
[0;32mI (39) qio_mode: Enabling default flash chip QIO[0m
[0;32mI (44) boot.esp32s3: Boot SPI Speed : 80MHz[0m
[0;32mI (49) boot.esp32s3: SPI Mode       : QIO[0m
[0;32mI (54) boot.esp32s3: SPI Flash Size : 16MB[0m
[0;32mI (59) boot: Enabling RNG early entropy source...[0m
[0;32mI (64) boot: Partition Table:[0m
[0;32mI (68) boot: ## Label            Usage          Type ST Offset   Length[0m
[0;32mI (75) boot:  0 nvs              WiFi data        01 02 00009000 00006000[0m
[0;32mI (82) boot:  1 phy_init         RF data          01 01 0000f000 00001000[0m
[0;32mI (90) boot:  2 factory          factory app      00 00 00010000 00f00000[0m
[0;32mI (97) boot: End of partition table[0m
[0;32mI (102) esp_image: segment 0: paddr=00010020 vaddr=3c0e0020 size=2554d8h (2446552) map[0m
[0;32mI (488) esp_image: segment 1: paddr=00265500 vaddr=3fc99a00 size=035c8h ( 13768) load[0m
[0;32mI (491) esp_image: segment 2: paddr=00268ad0 vaddr=40378000 size=07548h ( 30024) load[0m
[0;32mI (500) esp_image: segment 3: paddr=00270020 vaddr=42000020 size=dd010h (905232) map[0m
[0;32mI (643) esp_image: segment 4: paddr=0034d038 vaddr=4037f548 size=0a490h ( 42128) load[0m
[0;32mI (658) boot: Loaded app from partition at offset 0x10000[0m
[0;32mI (658) boot: Disabling RNG early entropy source...[0m
[0;32mI (670) octal_psram: vendor id    : 0x0d (AP)[0m
[0;32mI (670) octal_psram: dev id       : 0x02 (generation 3)[0m
[0;32mI (671) octal_psram: density      : 0x03 (64 Mbit)[0m
[0;32mI (675) octal_psram: good-die     : 0x01 (Pass)[0m
[0;32mI (681) octal_psram: Latency      : 0x01 (Fixed)[0m
[0;32mI (686) octal_psram: VCC          : 0x01 (3V)[0m
[0;32mI (691) octal_psram: SRF          : 0x01 (Fast Refresh)[0m
[0;32mI (697) octal_psram: BurstType    : 0x01 (Hybrid Wrap)[0m
[0;32mI (703) octal_psram: BurstLen     : 0x01 (32 Byte)[0m
[0;32mI (708) octal_psram: Readlatency  : 0x02 (10 cycles@Fixed)[0m
[0;32mI (714) octal_psram: DriveStrength: 0x00 (1/1)[0m
[0;32mI (720) MSPI Timing: PSRAM timing tuning index: 5[0m
[0;32mI (725) esp_psram: Found 8MB PSRAM device[0m
[0;32mI (730) esp_psram: Speed: 80MHz[0m
[0;32mI (733) cpu_start: Multicore app[0m
[0;32mI (1023) esp_psram: SPI SRAM memory test OK[0m
[0;32mI (1031) cpu_start: Pro cpu start user code[0m
[0;32mI (1031) cpu_start: cpu freq: 240000000 Hz[0m
[0;32mI (1031) app_init: Application information:[0m
[0;32mI (1034) app_init: Project name:     v4_espdl_bench[0m
[0;32mI (1040) app_init: App version:      bench-accel-2026-10-08-1-g64348[0m
[0;32mI (1047) app_init: Compile time:     Oct  8 2026 12:34:21[0m
[0;32mI (1053) app_init: ELF file SHA256:  ff4cfdcbe...[0m
[0;32mI (1058) app_init: ESP-IDF:          v5.3.5-1074-g045dd779fd3[0m
[0;32mI (1065) efuse_init: Min chip rev:     v0.0[0m
[0;32mI (1070) efuse_init: Max chip rev:     v0.99 [0m
[0;32mI (1075) efuse_init: Chip rev:         v0.1[0m
[0;32mI (1080) heap_init: Initializing. RAM available for dynamic allocation:[0m
[0;32mI (1087) heap_init: At 3FC9EED8 len 0004A838 (298 KiB): RAM[0m
[0;32mI (1093) heap_init: At 3FCE9710 len 00005724 (21 KiB): RAM[0m
[0;32mI (1099) heap_init: At 600FE000 len 00001FE8 (7 KiB): RTCRAM[0m
[0;32mI (1106) esp_psram: Adding pool of 8192K of PSRAM memory to heap allocator[0m
[0;32mI (1114) spi_flash: detected chip: gd[0m
[0;32mI (1118) spi_flash: flash io: qio[0m
[0;32mI (1122) sleep: Configure to isolate all GPIO pins in sleep state[0m
[0;32mI (1129) sleep: Enable automatic switching of GPIO sleep configuration[0m
[0;32mI (1136) main_task: Started on CPU0[0m
[0;32mI (1140) esp_psram: Reserving pool of 32K of internal memory for DMA/internal allocations[0m
[0;32mI (1149) main_task: Calling app_main()[0m
[0;32mI (1153) v4_espdl: chip esp32s3, CPU 240 MHz, free heap 8691379 (internal 305659, PSRAM 8385720)[0m
[0;32mI (1315) v4_espdl: model loaded in 152.3 ms, free heap 6554615 (internal 266303, PSRAM 6288312)[0m
[0;32mI (1316) dl::Model: Test max_error = 0.0005 (default)[0m
E (1324) FbsModel: (get_test_input_tensor)The initial parameter is error.
[0;31mE (1326) dl::Model: Model input input doesn't have a corresponding test input. Please enable export_test_values option in esp-ppq when export espdl model.[0m
[0;32mI (1316) v4_espdl: model->test() (ESP-DL vs ESP-PPQ test values): FAIL[0m
[0;32mI (1378) v4_espdl: input 112x112x3, exponent -6 (v4: -6)[0m
CSV,0,254648,0
CSV,1,248970,0
CSV,2,248986,0
CSV,3,248979,0
CSV,4,248987,0
CSV,5,248979,0
CSV,6,248987,0
CSV,7,248979,0
CSV,8,248987,0
CSV,9,248979,0
[0;32mI (3879) v4_espdl: RESULT CSV: best 248.970 ms, mean 249.548 ms over 10 runs[0m
CSV2,0,221688,0
CSV2,1,221476,0
CSV2,2,221452,0
Guru Meditation Error: Core  0 panic'ed (IllegalInstruction). Exception was unhandled.
Memory dump at 0x42074214: 01a1f2da f4ddb2f4 baf4ddb6
Core  0 register dump:
PC      : 0x4207421b  PS      : 0x00060730  A0      : 0x8204cb1e  A1      : 0x3fc9e030
A2      : 0x3c4b95a0  A3      : 0x3c4877f0  A4      : 0x3fcb1114  A5      : 0x3c341930
A6      : 0x00000040  A7      : 0x00000d80  A8      : 0xffffe390  A9      : 0x00000003
A10     : 0x00000005  A11     : 0x3c341450  A12     : 0x00000002  A13     : 0x00000000
A14     : 0x3c341490  A15     : 0x00000101  SAR     : 0x00000010  EXCCAUSE: 0x00000000
EXCVADDR: 0x00000000  LBEG    : 0x420741c5  LEND    : 0x4207424a  LCOUNT  : 0x00000000
Backtrace: 0x42074218:0x3fc9e030 0x4204cb1b:0x3fc9e0b0 0x4201b004:0x3fc9e150 0x42058a16:0x3fc9e170
ELF file SHA256: ff4cfdcbe
Rebooting...
ESP-ROM:esp32s3-20210327
Build:Mar 27 2021
rst:0xc (RTC_SW_CPU_RST),boot:0xc (SPI_FAST_FLASH_BOOT)
Saved PC:0x40379c98
SPIWP:0xee
mode:DIO, clock div:1
load:0x3fce2820,len:0x19b4
load:0x403c8700,len:0x4
load:0x403c8704,len:0xe8c
load:0x403cb700,len:0x3144
entry 0x403c8940
[0;32mI (26) boot: ESP-IDF v5.3.5-1074-g045dd779fd3 2nd stage bootloader[0m
[0;32mI (26) boot: compile time Oct  8 2026 10:18:30[0m
[0;32mI (27) boot: Multicore bootloader[0m
[0;32mI (31) boot: chip revision: v0.1[0m
[0;32mI (35) boot: efuse block revision: v1.2[0m
[0;32mI (39) qio_mode: Enabling default flash chip QIO[0m
[0;32mI (44) boot.esp32s3: Boot SPI Speed : 80MHz[0m
[0;32mI (49) boot.esp32s3: SPI Mode       : QIO[0m
[0;32mI (54) boot.esp32s3: SPI Flash Size : 16MB[0m
[0;32mI (59) boot: Enabling RNG early entropy source...[0m
[0;32mI (64) boot: Partition Table:[0m
[0;32mI (68) boot: ## Label            Usage          Type ST Offset   Length[0m
[0;32mI (75) boot:  0 nvs              WiFi data        01 02 00009000 00006000[0m
[0;32mI (82) boot:  1 phy_init         RF data          01 01 0000f000 00001000[0m
[0;32mI (90) boot:  2 factory          factory app      00 00 00010000 00f00000[0m
[0;32mI (97) boot: End of partition table[0m
[0;32mI (102) esp_image: segment 0: paddr=00010020 vaddr=3c0e0020 size=2554d8h (2446552) map[0m
[0;32mI (488) esp_image: segment 1: paddr=00265500 vaddr=3fc99a00 size=035c8h ( 13768) load[0m
[0;32mI (491) esp_image: segment 2: paddr=00268ad0 vaddr=40378000 size=07548h ( 30024) load[0m
[0;32mI (500) esp_image: segment 3: paddr=00270020 vaddr=42000020 size=dd010h (905232) map[0m
[0;32mI (643) esp_image: segment 4: paddr=0034d038 vaddr=4037f548 size=0a490h ( 42128) load[0m
[0;32mI (658) boot: Loaded app from partition at offset 0x10000[0m
[0;32mI (658) boot: Disabling RNG early entropy source...[0m
[0;32mI (670) octal_psram: vendor id    : 0x0d (AP)[0m
[0;32mI (670) octal_psram: dev id       : 0x02 (generation 3)[0m
[0;32mI (671) octal_psram: density      : 0x03 (64 Mbit)[0m
[0;32mI (675) octal_psram: good-die     : 0x01 (Pass)[0m
[0;32mI (681) octal_psram: Latency      : 0x01 (Fixed)[0m
[0;32mI (686) octal_psram: VCC          : 0x01 (3V)[0m
[0;32mI (691) octal_psram: SRF          : 0x01 (Fast Refresh)[0m
[0;32mI (697) octal_psram: BurstType    : 0x01 (Hybrid Wrap)[0m
[0;32mI (703) octal_psram: BurstLen     : 0x01 (32 Byte)[0m
[0;32mI (708) octal_psram: Readlatency  : 0x02 (10 cycles@Fixed)[0m
[0;32mI (714) octal_psram: DriveStrength: 0x00 (1/1)[0m
[0;32mI (720) MSPI Timing: PSRAM timing tuning index: 5[0m
[0;32mI (725) esp_psram: Found 8MB PSRAM device[0m
[0;32mI (730) esp_psram: Speed: 80MHz[0m
[0;32mI (733) cpu_start: Multicore app[0m
[0;32mI (1023) esp_psram: SPI SRAM memory test OK[0m
[0;32mI (1031) cpu_start: Pro cpu start user code[0m
[0;32mI (1031) cpu_start: cpu freq: 240000000 Hz[0m
[0;32mI (1031) app_init: Application information:[0m
[0;32mI (1034) app_init: Project name:     v4_espdl_bench[0m
[0;32mI (1040) app_init: App version:      bench-accel-2026-10-08-1-g64348[0m
[0;32mI (1047) app_init: Compile time:     Oct  8 2026 12:34:21[0m
[0;32mI (1053) app_init: ELF file SHA256:  ff4cfdcbe...[0m
[0;32mI (1058) app_init: ESP-IDF:          v5.3.5-1074-g045dd779fd3[0m
[0;32mI (1065) efuse_init: Min chip rev:     v0.0[0m
[0;32mI (1070) efuse_init: Max chip rev:     v0.99 [0m
[0;32mI (1075) efuse_init: Chip rev:         v0.1[0m
[0;32mI (1080) heap_init: Initializing. RAM available for dynamic allocation:[0m
[0;32mI (1087) heap_init: At 3FC9EED8 len 0004A838 (298 KiB): RAM[0m
[0;32mI (1093) heap_init: At 3FCE9710 len 00005724 (21 KiB): RAM[0m
[0;32mI (1099) heap_init: At 600FE000 len 00001FE8 (7 KiB): RTCRAM[0m
[0;32mI (1106) esp_psram: Adding pool of 8192K of PSRAM memory to heap allocator[0m
[0;32mI (1114) spi_flash: detected chip: gd[0m
[0;32mI (1118) spi_flash: flash io: qio[0m
[0;32mI (1122) sleep: Configure to isolate all GPIO pins in sleep state[0m
[0;32mI (1129) sleep: Enable automatic switching of GPIO sleep configuration[0m
[0;32mI (1136) main_task: Started on CPU0[0m
[0;32mI (1140) esp_psram: Reserving pool of 32K of internal memory for DMA/internal allocations[0m
[0;32mI (1149) main_task: Calling app_main()[0m
[0;32mI (1153) v4_espdl: chip esp32s3, CPU 240 MHz, free heap 8691379 (internal 305659, PSRAM 8385720)[0m
[0;32mI (1315) v4_espdl: model loaded in 152.3 ms, free heap 6554615 (internal 266303, PSRAM 6288312)[0m
[0;32mI (1316) dl::Model: Test max_error = 0.0005 (default)[0m
E (1324) FbsModel: (get_test_input_tensor)The initial parameter is error.
[0;31mE (1326) dl::Model: Model input input doesn't have a corresponding test input. Please enable export_test_values option in esp-ppq when export espdl model.[0m
[0;32mI (1316) v4_espdl: model->test() (ESP-DL vs ESP-PPQ test values): FAIL[0m
[0;32mI (1378) v4_espdl: input 112x112x3, exponent -6 (v4: -6)[0m
CSV,0,254648,0
CSV,1,248970,0
CSV,2,248986,0
CSV,3,248979,0
CSV,4,248987,0
CSV,5,248979,0
CSV,6,248987,0
CSV,7,248979,0
CSV,8,248987,0
CSV,9,248979,0
[0;32mI (3879) v4_espdl: RESULT CSV: best 248.970 ms, mean 249.548 ms over 10 runs[0m
CSV2,0,221629,0
CSV2,1,221497,0
Guru Meditation Error: Core  0 panic'ed (IllegalInstruction). Exception was unhandled.
Memory dump at 0x42074214: 01a1f2da f4ddb2f4 baf4ddb6
Core  0 register dump:
PC      : 0x4207421b  PS      : 0x00060730  A0      : 0x8204cb1e  A1      : 0x3fc9e030
A2      : 0x3c4c15a0  A3      : 0x3c48f7f0  A4      : 0x3fcb1114  A5      : 0x3c341930
A6      : 0x00000040  A7      : 0x00000d80  A8      : 0xffffe390  A9      : 0x00000003
A10     : 0x00000005  A11     : 0x3c341450  A12     : 0x00000002  A13     : 0x00000000
A14     : 0x3c341490  A15     : 0x00000101  SAR     : 0x00000010  EXCCAUSE: 0x00000000
EXCVADDR: 0x00000000  LBEG    : 0x420741c5  LEND    : 0x4207424a  LCOUNT  : 0x00000000
Backtrace: 0x42074218:0x3fc9e030 0x4204cb1b:0x3fc9e0b0 0x4201b004:0x3fc9e150 0x42058a16:0x3fc9e170
ELF file SHA256: ff4cfdcbe
Rebooting...
ESP-ROM:esp32s3-20210327
Build:Mar 27 2021
rst:0xc (RTC_SW_CPU_RST),boot:0xc (SPI_FAST_FLASH_BOOT)
Saved PC:0x40379c98
SPIWP:0xee
mode:DIO, clock div:1
load:0x3fce2820,len:0x19b4
load:0x403c8700,len:0x4
load:0x403c8704,len:0xe8c
load:0x403cb700,len:0x3144
entry 0x403c8940
[0;32mI (26) boot: ESP-IDF v5.3.5-1074-g045dd779fd3 2nd stage bootloader[0m
[0;32mI (26) boot: compile time Oct  8 2026 10:18:30[0m
[0;32mI (27) boot: Multicore bootloader[0m
[0;32mI (31) boot: chip revision: v0.1[0m
[0;32mI (35) boot: efuse block revision: v1.2[0m
[0;32mI (39) qio_mode: Enabling default flash chip QIO[0m
[0;32mI (44) boot.esp32s3: Boot SPI Speed : 80MHz[0m
[0;32mI (49) boot.esp32s3: SPI Mode       : QIO[0m
[0;32mI (54) boot.esp32s3: SPI Flash Size : 16MB[0m
[0;32mI (59) boot: Enabling RNG early entropy source...[0m
[0;32mI (64) boot: Partition Table:[0m
[0;32mI (68) boot: ## Label            Usage          Type ST Offset   Length[0m
[0;32mI (75) boot:  0 nvs              WiFi data        01 02 00009000 00006000[0m
[0;32mI (82) boot:  1 phy_init         RF data          01 01 0000f000 00001000[0m
[0;32mI (90) boot:  2 factory          factory app      00 00 00010000 00f00000[0m
[0;32mI (97) boot: End of partition table[0m
[0;32mI (102) esp_image: segment 0: paddr=00010020 vaddr=3c0e0020 size=2554d8h (2446552) map[0m
[0;32mI (488) esp_image: segment 1: paddr=00265500 vaddr=3fc99a00 size=035c8h ( 13768) load[0m
[0;32mI (491) esp_image: segment 2: paddr=00268ad0 vaddr=40378000 size=07548h ( 30024) load[0m
[0;32mI (500) esp_image: segment 3: paddr=00270020 vaddr=42000020 size=dd010h (905232) map[0m
[0;32mI (643) esp_image: segment 4: paddr=0034d038 vaddr=4037f548 size=0a490h ( 42128) load[0m
[0;32mI (658) boot: Loaded app from partition at offset 0x10000[0m
[0;32mI (658) boot: Disabling RNG early entropy source...[0m
[0;32mI (670) octal_psram: vendor id    : 0x0d (AP)[0m
[0;32mI (670) octal_psram: dev id       : 0x02 (generation 3)[0m
[0;32mI (671) octal_psram: density      : 0x03 (64 Mbit)[0m
[0;32mI (675) octal_psram: good-die     : 0x01 (Pass)[0m
[0;32mI (681) octal_psram: Latency      : 0x01 (Fixed)[0m
[0;32mI (686) octal_psram: VCC          : 0x01 (3V)[0m
[0;32mI (691) octal_psram: SRF          : 0x01 (Fast Refresh)[0m
[0;32mI (697) octal_psram: BurstType    : 0x01 (Hybrid Wrap)[0m
[0;32mI (703) octal_psram: BurstLen     : 0x01 (32 Byte)[0m
[0;32mI (708) octal_psram: Readlatency  : 0x02 (10 cycles@Fixed)[0m
[0;32mI (714) octal_psram: DriveStrength: 0x00 (1/1)[0m
[0;32mI (720) MSPI Timing: PSRAM timing tuning index: 5[0m
[0;32mI (725) esp_psram: Found 8MB PSRAM device[0m
[0;32mI (730) esp_psram: Speed: 80MHz[0m
[0;32mI (733) cpu_start: Multicore app[0m
[0;32mI (1023) esp_psram: SPI SRAM memory test OK[0m
[0;32mI (1031) cpu_start: Pro cpu start user code[0m
[0;32mI (1031) cpu_start: cpu freq: 240000000 Hz[0m
[0;32mI (1031) app_init: Application information:[0m
[0;32mI (1034) app_init: Project name:     v4_espdl_bench[0m
[0;32mI (1040) app_init: App version:      bench-accel-2026-10-08-1-g64348[0m
[0;32mI (1047) app_init: Compile time:     Oct  8 2026 12:34:21[0m
[0;32mI (1053) app_init: ELF file SHA256:  ff4cfdcbe...[0m
[0;32mI (1058) app_init: ESP-IDF:          v5.3.5-1074-g045dd779fd3[0m
[0;32mI (1065) efuse_init: Min chip rev:     v0.0[0m
[0;32mI (1070) efuse_init: Max chip rev:     v0.99 [0m
[0;32mI (1075) efuse_init: Chip rev:         v0.1[0m
[0;32mI (1080) heap_init: Initializing. RAM available for dynamic allocation:[0m
[0;32mI (1087) heap_init: At 3FC9EED8 len 0004A838 (298 KiB): RAM[0m
[0;32mI (1093) heap_init: At 3FCE9710 len 00005724 (21 KiB): RAM[0m
[0;32mI (1099) heap_init: At 600FE000 len 00001FE8 (7 KiB): RTCRAM[0m
[0;32mI (1106) esp_psram: Adding pool of 8192K of PSRAM memory to heap allocator[0m
[0;32mI (1114) spi_flash: detected chip: gd[0m
[0;32mI (1118) spi_flash: flash io: qio[0m
[0;32mI (1122) sleep: Configure to isolate all GPIO pins in sleep state[0m
[0;32mI (1129) sleep: Enable automatic switching of GPIO sleep configuration[0m
[0;32mI (1136) main_task: Started on CPU0[0m
[0;32mI (1140) esp_psram: Reserving pool of 32K of internal memory for DMA/internal allocations[0m
[0;32mI (1149) main_task: Calling app_main()[0m
[0;32mI (1153) v4_espdl: chip esp32s3, CPU 240 MHz, free heap 8691379 (internal 305659, PSRAM 8385720)[0m
[0;32mI (1315) v4_espdl: model loaded in 152.3 ms, free heap 6554615 (internal 266303, PSRAM 6288312)[0m
[0;32mI (1316) dl::Model: Test max_error = 0.0005 (default)[0m
E (1325) FbsModel: (get_test_input_tensor)The initial parameter is error.
[0;31mE (1326) dl::Model: Model input input doesn't have a corresponding test input. Please enable export_test_values option in esp-ppq when export espdl model.[0m
[0;32mI (1316) v4_espdl: model->test() (ESP-DL vs ESP-PPQ test values): FAIL[0m
[0;32mI (1378) v4_espdl: input 112x112x3, exponent -6 (v4: -6)[0m
CSV,0,254648,0
CSV,1,248975,0
CSV,2,248986,0
CSV,3,248979,0
CSV,4,248988,0
CSV,5,248979,0
CSV,6,248988,0
CSV,7,248979,0
CSV,8,248988,0
CSV,9,248979,0
[0;32mI (3879) v4_espdl: RESULT CSV: best 248.975 ms, mean 249.549 ms over 10 runs[0m
Guru Meditation Error: Core  0 panic'ed (IllegalInstruction). Exception was unhandled.
Memory dump at 0x42074214: 01a1f2da f4ddb2f4 baf4ddb6
Core  0 register dump:
PC      : 0x4207421b  PS      : 0x00060230  A0      : 0x8204cb1e  A1      : 0x3fc9e030
A2      : 0x3c4b15a0  A3      : 0x3c47f7f0  A4      : 0x3fcb1114  A5      : 0x3c341930
A6      : 0x00000040  A7      : 0x00000d80  A8      : 0xffffe390  A9      : 0x00000003
A10     : 0x00000005  A11     : 0x3c341450  A12     : 0x00000002  A13     : 0x00000000
A14     : 0x3c341490  A15     : 0x00000101  SAR     : 0x00000010  EXCCAUSE: 0x00000000
EXCVADDR: 0x00000000  LBEG    : 0x420741c5  LEND    : 0x4207424a  LCOUNT  : 0x00000000
Backtrace: 0x42074218:0x3fc9e030 0x4204cb1b:0x3fc9e0b0 0x4201b004:0x3fc9e150 0x42058a16:0x3fc9e170
ELF file SHA256: ff4cfdcbe
Rebooting...
ESP-ROM:esp32s3-20210327
Build:Mar 27 2021
rst:0xc (RTC_SW_CPU_RST),boot:0xc (SPI_FAST_FLASH_BOOT)
Saved PC:0x40379c98
SPIWP:0xee
mode:DIO, clock div:1
load:0x3fce2820,len:0x19b4
load:0x403c8700,len:0x4
load:0x403c8704,len:0xe8c
load:0x403cb700,len:0x3144
entry 0x403c8940
[0;32mI (26) boot: ESP-IDF v5.3.5-1074-g045dd779fd3 2nd stage bootloader[0m
[0;32mI (26) boot: compile time Oct  8 2026 10:18:30[0m
[0;32mI (27) boot: Multicore bootloader[0m
[0;32mI (31) boot: chip revision: v0.1[0m
[0;32mI (35) boot: efuse block revision: v1.2[0m
[0;32mI (39) qio_mode: Enabling default flash chip QIO[0m
[0;32mI (44) boot.esp32s3: Boot SPI Speed : 80MHz[0m
[0;32mI (49) boot.esp32s3: SPI Mode       : QIO[0m
[0;32mI (54) boot.esp32s3: SPI Flash Size : 16MB[0m
[0;32mI (59) boot: Enabling RNG early entropy source...[0m
[0;32mI (64) boot: Partition Table:[0m
[0;32mI (68) boot: ## Label            Usage          Type ST Offset   Length[0m
[0;32mI (75) boot:  0 nvs              WiFi data        01 02 00009000 00006000[0m
[0;32mI (82) boot:  1 phy_init         RF data          01 01 0000f000 00001000[0m
[0;32mI (90) boot:  2 factory          factory app      00 00 00010000 00f00000[0m
[0;32mI (97) boot: End of partition table[0m
[0;32mI (102) esp_image: segment 0: paddr=00010020 vaddr=3c0e0020 size=2554d8h (2446552) map[0m
[0;32mI (488) esp_image: segment 1: paddr=00265500 vaddr=3fc99a00 size=035c8h ( 13768) load[0m
[0;32mI (491) esp_image: segment 2: paddr=00268ad0 vaddr=40378000 size=07548h ( 30024) load[0m
[0;32mI (500) esp_image: segment 3: paddr=00270020 vaddr=42000020 size=dd010h (905232) map[0m
[0;32mI (643) esp_image: segment 4: paddr=0034d038 vaddr=4037f548 size=0a490h ( 42128) load[0m
[0;32mI (658) boot: Loaded app from partition at offset 0x10000[0m
[0;32mI (658) boot: Disabling RNG early entropy source...[0m
[0;32mI (670) octal_psram: vendor id    : 0x0d (AP)[0m
[0;32mI (670) octal_psram: dev id       : 0x02 (generation 3)[0m
[0;32mI (671) octal_psram: density      : 0x03 (64 Mbit)[0m
[0;32mI (675) octal_psram: good-die     : 0x01 (Pass)[0m
[0;32mI (681) octal_psram: Latency      : 0x01 (Fixed)[0m
[0;32mI (686) octal_psram: VCC          : 0x01 (3V)[0m
[0;32mI (691) octal_psram: SRF          : 0x01 (Fast Refresh)[0m
[0;32mI (697) octal_psram: BurstType    : 0x01 (Hybrid Wrap)[0m
[0;32mI (703) octal_psram: BurstLen     : 0x01 (32 Byte)[0m
[0;32mI (708) octal_psram: Readlatency  : 0x02 (10 cycles@Fixed)[0m
[0;32mI (714) octal_psram: DriveStrength: 0x00 (1/1)[0m
[0;32mI (720) MSPI Timing: PSRAM timing tuning index: 5[0m
[0;32mI (725) esp_psram: Found 8MB PSRAM device[0m
[0;32mI (730) esp_psram: Speed: 80MHz[0m
[0;32mI (733) cpu_start: Multicore app[0m
[0;32mI (1023) esp_psram: SPI SRAM memory test OK[0m
[0;32mI (1031) cpu_start: Pro cpu start user code[0m
[0;32mI (1031) cpu_start: cpu freq: 240000000 Hz[0m
[0;32mI (1031) app_init: Application information:[0m
[0;32mI (1034) app_init: Project name:     v4_espdl_bench[0m
[0;32mI (1040) app_init: App version:      bench-accel-2026-10-08-1-g64348[0m
[0;32mI (1047) app_init: Compile time:     Oct  8 2026 12:34:21[0m
[0;32mI (1053) app_init: ELF file SHA256:  ff4cfdcbe...[0m
[0;32mI (1058) app_init: ESP-IDF:          v5.3.5-1074-g045dd779fd3[0m
[0;32mI (1065) efuse_init: Min chip rev:     v0.0[0m
[0;32mI (1070) efuse_init: Max chip rev:     v0.99 [0m
[0;32mI (1075) efuse_init: Chip rev:         v0.1[0m
[0;32mI (1080) heap_init: Initializing. RAM available for dynamic allocation:[0m
[0;32mI (1087) heap_init: At 3FC9EED8 len 0004A838 (298 KiB): RAM[0m
[0;32mI (1093) heap_init: At 3FCE9710 len 00005724 (21 KiB): RAM[0m
[0;32mI (1099) heap_init: At 600FE000 len 00001FE8 (7 KiB): RTCRAM[0m
[0;32mI (1106) esp_psram: Adding pool of 8192K of PSRAM memory to heap allocator[0m
[0;32mI (1114) spi_flash: detected chip: gd[0m
[0;32mI (1118) spi_flash: flash io: qio[0m
[0;32mI (1122) sleep: Configure to isolate all GPIO pins in sleep state[0m
[0;32mI (1129) sleep: Enable automatic switching of GPIO sleep configuration[0m
[0;32mI (1136) main_task: Started on CPU0[0m
[0;32mI (1140) esp_psram: Reserving pool of 32K of internal memory for DMA/internal allocations[0m
[0;32mI (1149) main_task: Calling app_main()[0m
[0;32mI (1153) v4_espdl: chip esp32s3, CPU 240 MHz, free heap 8691379 (internal 305659, PSRAM 8385720)[0m
[0;32mI (1315) v4_espdl: model loaded in 152.3 ms, free heap 6554615 (internal 266303, PSRAM 6288312)[0m
[0;32mI (1316) dl::Model: Test max_error = 0.0005 (default)[0m
E (1324) FbsModel: (get_test_input_tensor)The initial parameter is error.
[0;31mE (1326) dl::Model: Model input input doesn't have a corresponding test input. Please enable export_test_values option in esp-ppq when export espdl model.[0m
[0;32mI (1316) v4_espdl: model->test() (ESP-DL vs ESP-PPQ test values): FAIL[0m
[0;32mI (1378) v4_espdl: input 112x112x3, exponent -6 (v4: -6)[0m
CSV,0,254642,0
CSV,1,248981,0
CSV,2,248990,0
CSV,3,248976,0
CSV,4,248987,0
CSV,5,248976,0
CSV,6,248987,0
CSV,7,248976,0
CSV,8,248987,0
CSV,9,248976,0
[0;32mI (3879) v4_espdl: RESULT CSV: best 248.976 ms, mean 249.548 ms over 10 runs[0m
Guru Meditation Error: Core  0 panic'ed (IllegalInstruction). Exception was unhandled.
Memory dump at 0x42074214: 01a1f2da f4ddb2f4 baf4ddb6
Core  0 register dump:
PC      : 0x4207421b  PS      : 0x00060230  A0      : 0x8204cb1e  A1      : 0x3fc9e030
A2      : 0x3c4c15a0  A3      : 0x3c48f7f0  A4      : 0x3fcb1114  A5      : 0x3c341930
A6      : 0x00000040  A7      : 0x00000d80  A8      : 0xffffe390  A9      : 0x00000003
A10     : 0x00000005  A11     : 0x3c341450  A12     : 0x00000002  A13     : 0x00000000
A14     : 0x3c341490  A15     : 0x00000101  SAR     : 0x00000010  EXCCAUSE: 0x00000000
EXCVADDR: 0x00000000  LBEG    : 0x420741c5  LEND    : 0x4207424a  LCOUNT  : 0x00000000
Backtrace: 0x42074218:0x3fc9e030 0x4204cb1b:0x3fc9e0b0 0x4201b004:0x3fc9e150 0x42058a16:0x3fc9e170
ELF file SHA256: ff4cfdcbe
Rebooting...
ESP-ROM:esp32s3-20210327
Build:Mar 27 2021
rst:0xc (RTC_SW_CPU_RST),boot:0xc (SPI_FAST_FLASH_BOOT)
Saved PC:0x40379c98
SPIWP:0xee
mode:DIO, clock div:1
load:0x3fce2820,len:0x19b4
load:0x403c8700,len:0x4
load:0x403c8704,len:0xe8c
load:0x403cb700,len:0x3144
entry 0x403c8940
[0;32mI (26) boot: ESP-IDF v5.3.5-1074-g045dd779fd3 2nd stage bootloader[0m
[0;32mI (26) boot: compile time Oct  8 2026 10:18:30[0m
[0;32mI (27) boot: Multicore bootloader[0m
[0;32mI (31) boot: chip revision: v0.1[0m
[0;32mI (35) boot: efuse block revision: v1.2[0m
[0;32mI (39) qio_mode: Enabling default flash chip QIO[0m
[0;32mI (44) boot.esp32s3: Boot SPI Speed : 80MHz[0m
[0;32mI (49) boot.esp32s3: SPI Mode       : QIO[0m
[0;32mI (54) boot.esp32s3: SPI Flash Size : 16MB[0m
[0;32mI (59) boot: Enabling RNG early entropy source...[0m
[0;32mI (64) boot: Partition Table:[0m
[0;32mI (68) boot: ## Label            Usage          Type ST Offset   Length[0m
[0;32mI (75) boot:  0 nvs              WiFi data        01 02 00009000 00006000[0m
[0;32mI (82) boot:  1 phy_init         RF data          01 01 0000f000 00001000[0m
[0;32mI (90) boot:  2 factory          factory app      00 00 00010000 00f00000[0m
[0;32mI (97) boot: End of partition table[0m
[0;32mI (102) esp_image: segment 0: paddr=00010020 vaddr=3c0e0020 size=2554d8h (2446552) map[0m
[0;32mI (488) esp_image: segment 1: paddr=00265500 vaddr=3fc99a00 size=035c8h ( 13768) load[0m
[0;32mI (492) esp_image: segment 2: paddr=00268ad0 vaddr=40378000 size=07548h ( 30024) load[0m
[0;32mI (500) esp_image: segment 3: paddr=00270020 vaddr=42000020 size=dd010h (905232) map[0m
[0;32mI (643) esp_image: segment 4: paddr=0034d038 vaddr=4037f548 size=0a490h ( 42128) load[0m
[0;32mI (658) boot: Loaded app from partition at offset 0x10000[0m
[0;32mI (658) boot: Disabling RNG early entropy source...[0m
[0;32mI (670) octal_psram: vendor id    : 0x0d (AP)[0m
[0;32mI (670) octal_psram: dev id       : 0x02 (generation 3)[0m
[0;32mI (671) octal_psram: density      : 0x03 (64 Mbit)[0m
[0;32mI (675) octal_psram: good-die     : 0x01 (Pass)[0m
[0;32mI (681) octal_psram: Latency      : 0x01 (Fixed)[0m
[0;32mI (686) octal_psram: VCC          : 0x01 (3V)[0m
[0;32mI (691) octal_psram: SRF          : 0x01 (Fast Refresh)[0m
[0;32mI (697) octal_psram: BurstType    : 0x01 (Hybrid Wrap)[0m
[0;32mI (703) octal_psram: BurstLen     : 0x01 (32 Byte)[0m
[0;32mI (708) octal_psram: Readlatency  : 0x02 (10 cycles@Fixed)[0m
[0;32mI (714) octal_psram: DriveStrength: 0x00 (1/1)[0m
[0;32mI (720) MSPI Timing: PSRAM timing tuning index: 5[0m
[0;32mI (725) esp_psram: Found 8MB PSRAM device[0m
[0;32mI (730) esp_psram: Speed: 80MHz[0m
[0;32mI (733) cpu_start: Multicore app[0m
[0;32mI (1023) esp_psram: SPI SRAM memory test OK[0m
[0;32mI (1031) cpu_start: Pro cpu start user code[0m
[0;32mI (1031) cpu_start: cpu freq: 240000000 Hz[0m
[0;32mI (1031) app_init: Application information:[0m
[0;32mI (1034) app_init: Project name:     v4_espdl_bench[0m
[0;32mI (1040) app_init: App version:      bench-accel-2026-10-08-1-g64348[0m
[0;32mI (1047) app_init: Compile time:     Oct  8 2026 12:34:21[0m
[0;32mI (1053) app_init: ELF file SHA256:  ff4cfdcbe...[0m
[0;32mI (1058) app_init: ESP-IDF:          v5.3.5-1074-g045dd779fd3[0m
[0;32mI (1065) efuse_init: Min chip rev:     v0.0[0m
[0;32mI (1070) efuse_init: Max chip rev:     v0.99 [0m
[0;32mI (1075) efuse_init: Chip rev:         v0.1[0m
[0;32mI (1080) heap_init: Initializing. RAM available for dynamic allocation:[0m
[0;32mI (1087) heap_init: At 3FC9EED8 len 0004A838 (298 KiB): RAM[0m
[0;32mI (1093) heap_init: At 3FCE9710 len 00005724 (21 KiB): RAM[0m
[0;32mI (1099) heap_init: At 600FE000 len 00001FE8 (7 KiB): RTCRAM[0m
[0;32mI (1106) esp_psram: Adding pool of 8192K of PSRAM memory to heap allocator[0m
[0;32mI (1114) spi_flash: detected chip: gd[0m
[0;32mI (1118) spi_flash: flash io: qio[0m
[0;32mI (1122) sleep: Configure to isolate all GPIO pins in sleep state[0m
[0;32mI (1129) sleep: Enable automatic switching of GPIO sleep configuration[0m
[0;32mI (1136) main_task: Started on CPU0[0m
[0;32mI (1140) esp_psram: Reserving pool of 32K of internal memory for DMA/internal allocations[0m
[0;32mI (1149) main_task: Calling app_main()[0m
[0;32mI (1153) v4_espdl: chip esp32s3, CPU 240 MHz, free heap 8691379 (internal 305659, PSRAM 8385720)[0m
[0;32mI (1315) v4_espdl: model loaded in 152.3 ms, free heap 6554615 (internal 266303, PSRAM 6288312)[0m
[0;32mI (1316) dl::Model: Test max_error = 0.0005 (default)[0m
E (1324) FbsModel: (get_test_input_tensor)The initial parameter is error.
[0;31mE (1326) dl::Model: Model input input doesn't have a corresponding test input. Please enable export_test_values option in esp-ppq when export espdl model.[0m
[0;32mI (1316) v4_espdl: model->test() (ESP-DL vs ESP-PPQ test values): FAIL[0m
[0;32mI (1378) v4_espdl: input 112x112x3, exponent -6 (v4: -6)[0m
CSV,0,254644,0
CSV,1,248984,0
CSV,2,248991,0
CSV,3,248982,0
CSV,4,248983,0
CSV,5,248982,0
CSV,6,248983,0
CSV,7,248982,0
CSV,8,248983,0
CSV,9,248982,0
[0;32mI (3879) v4_espdl: RESULT CSV: best 248.982 ms, mean 249.550 ms over 10 runs[0m
CSV2,0,221645,0
Guru Meditation Error: Core  0 panic'ed (IllegalInstruction). Exception was unhandled.
Memory dump at 0x42074214: 01a1f2da f4ddb2f4 baf4ddb6
Core  0 register dump:
PC      : 0x4207421b  PS      : 0x00060730  A0      : 0x8204cb1e  A1      : 0x3fc9e030
A2      : 0x3c4b15a0  A3      : 0x3c47f7f0  A4      : 0x3fcb1114  A5      : 0x3c341930
A6      : 0x00000040  A7      : 0x00000d80  A8      : 0xffffe390  A9      : 0x00000003
A10     : 0x00000005  A11     : 0x3c341450  A12     : 0x00000002  A13     : 0x00000000
A14     : 0x3c341490  A15     : 0x00000101  SAR     : 0x00000010  EXCCAUSE: 0x00000000
EXCVADDR: 0x00000000  LBEG    : 0x420741c5  LEND    : 0x4207424a  LCOUNT  : 0x00000000
Backtrace: 0x42074218:0x3fc9e030 0x4204cb1b:0x3fc9e0b0 0x4201b004:0x3fc9e150 0x42058a16:0x3fc9e170
ELF file SHA256: ff4cfdcbe
Rebooting...
ESP-ROM:esp32s3-20210327
Build:Mar 27 2021
rst:0xc (RTC_SW_CPU_RST),boot:0xc (SPI_FAST_FLASH_BOOT)
Saved PC:0x40379c98
SPIWP:0xee
mode:DIO, clock div:1
load:0x3fce2820,len:0x19b4
load:0x403c8700,len:0x4
load:0x403c8704,len:0xe8c
load:0x403cb700,len:0x3144
entry 0x403c8940
[0;32mI (26) boot: ESP-IDF v5.3.5-1074-g045dd779fd3 2nd stage bootloader[0m
[0;32mI (26) boot: compile time Oct  8 2026 10:18:30[0m
[0;32mI (27) boot: Multicore bootloader[0m
[0;32mI (31) boot: chip revision: v0.1[0m
[0;32mI (35) boot: efuse block revision: v1.2[0m
[0;32mI (39) qio_mode: Enabling default flash chip QIO[0m
[0;32mI (44) boot.esp32s3: Boot SPI Speed : 80MHz[0m
[0;32mI (49) boot.esp32s3: SPI Mode       : QIO[0m
[0;32mI (54) boot.esp32s3: SPI Flash Size : 16MB[0m
[0;32mI (59) boot: Enabling RNG early entropy source...[0m
[0;32mI (64) boot: Partition Table:[0m
[0;32mI (68) boot: ## Label            Usage          Type ST Offset   Length[0m
[0;32mI (75) boot:  0 nvs              WiFi data        01 02 00009000 00006000[0m
[0;32mI (82) boot:  1 phy_init         RF data          01 01 0000f000 00001000[0m
[0;32mI (90) boot:  2 factory          factory app      00 00 00010000 00f00000[0m
[0;32mI (97) boot: End of partition table[0m
[0;32mI (102) esp_image: segment 0: paddr=00010020 vaddr=3c0e0020 size=2554d8h (2446552) map[0m
[0;32mI (488) esp_image: segment 1: paddr=00265500 vaddr=3fc99a00 size=035c8h ( 13768) load[0m
[0;32mI (491) esp_image: segment 2: paddr=00268ad0 vaddr=40378000 size=07548h ( 30024) load[0m
[0;32mI (500) esp_image: segment 3: paddr=00270020 vaddr=42000020 size=dd010h (905232) map[0m
[0;32mI (643) esp_image: segment 4: paddr=0034d038 vaddr=4037f548 size=0a490h ( 42128) load[0m
[0;32mI (658) boot: Loaded app from partition at offset 0x10000[0m
[0;32mI (658) boot: Disabling RNG early entropy source...[0m
[0;32mI (670) octal_psram: vendor id    : 0x0d (AP)[0m
[0;32mI (670) octal_psram: dev id       : 0x02 (generation 3)[0m
[0;32mI (671) octal_psram: density      : 0x03 (64 Mbit)[0m
[0;32mI (675) octal_psram: good-die     : 0x01 (Pass)[0m
[0;32mI (681) octal_psram: Latency      : 0x01 (Fixed)[0m
[0;32mI (686) octal_psram: VCC          : 0x01 (3V)[0m
[0;32mI (691) octal_psram: SRF          : 0x01 (Fast Refresh)[0m
[0;32mI (697) octal_psram: BurstType    : 0x01 (Hybrid Wrap)[0m
[0;32mI (703) octal_psram: BurstLen     : 0x01 (32 Byte)[0m
[0;32mI (708) octal_psram: Readlatency  : 0x02 (10 cycles@Fixed)[0m
[0;32mI (714) octal_psram: DriveStrength: 0x00 (1/1)[0m
[0;32mI (720) MSPI Timing: PSRAM timing tuning index: 5[0m
[0;32mI (725) esp_psram: Found 8MB PSRAM device[0m
[0;32mI (730) esp_psram: Speed: 80MHz[0m
[0;32mI (733) cpu_start: Multicore app[0m
[0;32mI (1023) esp_psram: SPI SRAM memory test OK[0m
[0;32mI (1031) cpu_start: Pro cpu start user code[0m
[0;32mI (1031) cpu_start: cpu freq: 240000000 Hz[0m
[0;32mI (1031) app_init: Application information:[0m
[0;32mI (1034) app_init: Project name:     v4_espdl_bench[0m
[0;32mI (1040) app_init: App version:      bench-accel-2026-10-08-1-g64348[0m
[0;32mI (1047) app_init: Compile time:     Oct  8 2026 12:34:21[0m
[0;32mI (1053) app_init: ELF file SHA256:  ff4cfdcbe...[0m
[0;32mI (1058) app_init: ESP-IDF:          v5.3.5-1074-g045dd779fd3[0m
[0;32mI (1065) efuse_init: Min chip rev:     v0.0[0m
[0;32mI (1070) efuse_init: Max chip rev:     v0.99 [0m
[0;32mI (1075) efuse_init: Chip rev:         v0.1[0m
[0;32mI (1080) heap_init: Initializing. RAM available for dynamic allocation:[0m
[0;32mI (1087) heap_init: At 3FC9EED8 len 0004A838 (298 KiB): RAM[0m
[0;32mI (1093) heap_init: At 3FCE9710 len 00005724 (21 KiB): RAM[0m
[0;32mI (1099) heap_init: At 600FE000 len 00001FE8 (7 KiB): RTCRAM[0m
[0;32mI (1106) esp_psram: Adding pool of 8192K of PSRAM memory to heap allocator[0m
[0;32mI (1114) spi_flash: detected chip: gd[0m
[0;32mI (1118) spi_flash: flash io: qio[0m
[0;32mI (1122) sleep: Configure to isolate all GPIO pins in sleep state[0m
[0;32mI (1129) sleep: Enable automatic switching of GPIO sleep configuration[0m
[0;32mI (1136) main_task: Started on CPU0[0m
[0;32mI (1140) esp_psram: Reserving pool of 32K of internal memory for DMA/internal allocations[0m
[0;32mI (1149) main_task: Calling app_main()[0m
[0;32mI (1153) v4_espdl: chip esp32s3, CPU 240 MHz, free heap 8691379 (internal 305659, PSRAM 8385720)[0m
[0;32mI (1315) v4_espdl: model loaded in 152.3 ms, free heap 6554615 (internal 266303, PSRAM 6288312)[0m
[0;32mI (1316) dl::Model: Test max_error = 0.0005 (default)[0m
E (1324) FbsModel: (get_test_input_tensor)The initial parameter is error.
[0;31mE (1326) dl::Model: Model input input doesn't have a corresponding test input. Please enable export_test_values option in esp-ppq when export espdl model.[0m
[0;32mI (1316) v4_espdl: model->test() (ESP-DL vs ESP-PPQ test values): FAIL[0m
[0;32mI (1378) v4_espdl: input 112x112x3, exponent -6 (v4: -6)[0m
CSV,0,254646,0
CSV,1,248986,0
CSV,2,248982,0
CSV,3,248982,0
CSV,4,248983,0
CSV,5,248982,0
CSV,6,248983,0
CSV,7,248982,0
CSV,8,248983,0
CSV,9,248982,0
[0;32mI (3879) v4_espdl: RESULT CSV: best 248.982 ms, mean 249.549 ms over 10 runs[0m
Guru Meditation Error: Core  0 panic'ed (IllegalInstruction). Exception was unhandled.
Memory dump at 0x42074214: 01a1f2da f4ddb2f4 baf4ddb6
Core  0 register dump:
PC      : 0x4207421b  PS      : 0x00060230  A0      : 0x8204cb1e  A1      : 0x3fc9e030
A2      : 0x3c4c15a0  A3      : 0x3c48f7f0  A4      : 0x3fcb1114  A5      : 0x3c341930
A6      : 0x00000040  A7      : 0x00000d80  A8      : 0xffffe390  A9      : 0x00000003
A10     : 0x00000005  A11     : 0x3c341450  A12     : 0x00000002  A13     : 0x00000000
A14     : 0x3c341490  A15     : 0x00000101  SAR     : 0x00000010  EXCCAUSE: 0x00000000
EXCVADDR: 0x00000000  LBEG    : 0x420741c5  LEND    : 0x4207424a  LCOUNT  : 0x00000000
Backtrace: 0x42074218:0x3fc9e030 0x4204cb1b:0x3fc9e0b0 0x4201b004:0x3fc9e150 0x42058a16:0x3fc9e170
ELF file SHA256: ff4cfdcbe
Rebooting...
ESP-ROM:esp32s3-20210327
Build:Mar 27 2021
rst:0xc (RTC_SW_CPU_RST),boot:0xc (SPI_FAST_FLASH_BOOT)
Saved PC:0x40379c98
SPIWP:0xee
mode:DIO, clock div:1
load:0x3fce2820,len:0x19b4
load:0x403c8700,len:0x4
load:0x403c8704,len:0xe8c
load:0x403cb700,len:0x3144
entry 0x403c8940
[0;32mI (26) boot: ESP-IDF v5.3.5-1074-g045dd779fd3 2nd stage bootloader[0m
[0;32mI (26) boot: compile time Oct  8 2026 10:18:30[0m
[0;32mI (27) boot: Multicore bootloader[0m
[0;32mI (31) boot: chip revision: v0.1[0m
[0;32mI (35) boot: efuse block revision: v1.2[0m
[0;32mI (39) qio_mode: Enabling default flash chip QIO[0m
[0;32mI (44) boot.esp32s3: Boot SPI Speed : 80MHz[0m
[0;32mI (49) boot.esp32s3: SPI Mode       : QIO[0m
[0;32mI (54) boot.esp32s3: SPI Flash Size : 16MB[0m
[0;32mI (59) boot: Enabling RNG early entropy source...[0m
[0;32mI (64) boot: Partition Table:[0m
[0;32mI (68) boot: ## Label            Usage          Type ST Offset   Length[0m
[0;32mI (75) boot:  0 nvs              WiFi data        01 02 00009000 00006000[0m
[0;32mI (82) boot:  1 phy_init         RF data          01 01 0000f000 00001000[0m
[0;32mI (90) boot:  2 factory          factory app      00 00 00010000 00f00000[0m
[0;32mI (97) boot: End of partition table[0m
[0;32mI (102) esp_image: segment 0: paddr=00010020 vaddr=3c0e0020 size=2554d8h (2446552) map[0m
[0;32mI (488) esp_image: segment 1: paddr=00265500 vaddr=3fc99a00 size=035c8h ( 13768) load[0m
[0;32mI (491) esp_image: segment 2: paddr=00268ad0 vaddr=40378000 size=07548h ( 30024) load[0m
[0;32mI (500) esp_image: segment 3: paddr=00270020 vaddr=42000020 size=dd010h (905232) map[0m
[0;32mI (643) esp_image: segment 4: paddr=0034d038 vaddr=4037f548 size=0a490h ( 42128) load[0m
[0;32mI (658) boot: Loaded app from partition at offset 0x10000[0m
[0;32mI (658) boot: Disabling RNG early entropy source...[0m
[0;32mI (670) octal_psram: vendor id    : 0x0d (AP)[0m
[0;32mI (670) octal_psram: dev id       : 0x02 (generation 3)[0m
[0;32mI (671) octal_psram: density      : 0x03 (64 Mbit)[0m
[0;32mI (675) octal_psram: good-die     : 0x01 (Pass)[0m
[0;32mI (681) octal_psram: Latency      : 0x01 (Fixed)[0m
[0;32mI (686) octal_psram: VCC          : 0x01 (3V)[0m
[0;32mI (691) octal_psram: SRF          : 0x01 (Fast Refresh)[0m
[0;32mI (697) octal_psram: BurstType    : 0x01 (Hybrid Wrap)[0m
[0;32mI (703) octal_psram: BurstLen     : 0x01 (32 Byte)[0m
[0;32mI (708) octal_psram: Readlatency  : 0x02 (10 cycles@Fixed)[0m
[0;32mI (714) octal_psram: DriveStrength: 0x00 (1/1)[0m
[0;32mI (720) MSPI Timing: PSRAM timing tuning index: 5[0m
[0;32mI (725) esp_psram: Found 8MB PSRAM device[0m
[0;32mI (730) esp_psram: Speed: 80MHz[0m
[0;32mI (733) cpu_start: Multicore app[0m
[0;32mI (1023) esp_psram: SPI SRAM memory test OK[0m
[0;32mI (1031) cpu_start: Pro cpu start user code[0m
[0;32mI (1031) cpu_start: cpu freq: 240000000 Hz[0m
[0;32mI (1031) app_init: Application information:[0m
[0;32mI (1034) app_init: Project name:     v4_espdl_bench[0m
[0;32mI (1040) app_init: App version:      bench-accel-2026-10-08-1-g64348[0m
[0;32mI (1047) app_init: Compile time:     Oct  8 2026 12:34:21[0m
[0;32mI (1053) app_init: ELF file SHA256:  ff4cfdcbe...[0m
[0;32mI (1058) app_init: ESP-IDF:          v5.3.5-1074-g045dd779fd3[0m
[0;32mI (1065) efuse_init: Min chip rev:     v0.0[0m
[0;32mI (1070) efuse_init: Max chip rev:     v0.99 [0m
[0;32mI (1075) efuse_init: Chip rev:         v0.1[0m
[0;32mI (1080) heap_init: Initializing. RAM available for dynamic allocation:[0m
[0;32mI (1087) heap_init: At 3FC9EED8 len 0004A838 (298 KiB): RAM[0m
[0;32mI (1093) heap_init: At 3FCE9710 len 00005724 (21 KiB): RAM[0m
[0;32mI (1099) heap_init: At 600FE000 len 00001FE8 (7 KiB): RTCRAM[0m
[0;32mI (1106) esp_psram: Adding pool of 8192K of PSRAM memory to heap allocator[0m
[0;32mI (1114) spi_flash: detected chip: gd[0m
[0;32mI (1118) spi_flash: flash io: qio[0m
[0;32mI (1122) sleep: Configure to isolate all GPIO pins in sleep state[0m
[0;32mI (1129) sleep: Enable automatic switching of GPIO sleep configuration[0m
[0;32mI (1136) main_task: Started on CPU0[0m
[0;32mI (1140) esp_psram: Reserving pool of 32K of internal memory for DMA/internal allocations[0m
[0;32mI (1149) main_task: Calling app_main()[0m
[0;32mI (1153) v4_espdl: chip esp32s3, CPU 240 MHz, free heap 8691379 (internal 305659, PSRAM 8385720)[0m
[0;32mI (1315) v4_espdl: model loaded in 152.3 ms, free heap 6554615 (internal 266303, PSRAM 6288312)[0m
[0;32mI (1316) dl::Model: Test max_error = 0.0005 (default)[0m
E (1325) FbsModel: (get_test_input_tensor)The initial parameter is error.
[0;31mE (1326) dl::Model: Model input input doesn't have a corresponding test input. Please enable export_test_values option in esp-ppq when export espdl model.[0m
[0;32mI (1316) v4_espdl: model->test() (ESP-DL vs ESP-PPQ test values): FAIL[0m
[0;32mI (1378) v4_espdl: input 112x112x3, exponent -6 (v4: -6)[0m
CSV,0,254648,0
CSV,1,248970,0
CSV,2,248968,0
CSV,3,248963,0
CSV,4,248987,0
CSV,5,248976,0
CSV,6,248978,0
CSV,7,248971,0
CSV,8,248989,0
CSV,9,248969,0
[0;32mI (3879) v4_espdl: RESULT CSV: best 248.963 ms, mean 249.542 ms over 10 runs[0m
Guru Meditation Error: Core  0 panic'ed (IllegalInstruction). Exception was unhandled.
Memory dump at 0x42074214: 01a1f2da f4ddb2f4 baf4ddb6
Core  0 register dump:
PC      : 0x4207421b  PS      : 0x00060230  A0      : 0x8204cb1e  A1      : 0x3fc9e030
A2      : 0x3c4c15a0  A3      : 0x3c48f7f0  A4      : 0x3fcb1114  A5      : 0x3c341930
A6      : 0x00000040  A7      : 0x00000d80  A8      : 0xffffe390  A9      : 0x00000003
A10     : 0x00000005  A11     : 0x3c341450  A12     : 0x00000002  A13     : 0x00000000
A14     : 0x3c341490  A15     : 0x00000101  SAR     : 0x00000010  EXCCAUSE: 0x00000000
EXCVADDR: 0x00000000  LBEG    : 0x420741c5  LEND    : 0x4207424a  LCOUNT  : 0x00000000
Backtrace: 0x42074218:0x3fc9e030 0x4204cb1b:0x3fc9e0b0 0x4201b004:0x3fc9e150 0x42058a16:0x3fc9e170
ELF file SHA256: ff4cfdcbe
Rebooting...
ESP-ROM:esp32s3-20210327
Build:Mar 27 2021
rst:0xc (RTC_SW_CPU_RST),boot:0xc (SPI_FAST_FLASH_BOOT)
Saved PC:0x40379c98
SPIWP:0xee
mode:DIO, clock div:1
load:0x3fce2820,len:0x19b4
load:0x403c8700,len:0x4
load:0x403c8704,len:0xe8c
load:0x403cb700,len:0x3144
entry 0x403c8940
[0;32mI (26) boot: ESP-IDF v5.3.5-1074-g045dd779fd3 2nd stage bootloader[0m
[0;32mI (26) boot: compile time Oct  8 2026 10:18:30[0m
[0;32mI (27) boot: Multicore bootloader[0m
[0;32mI (31) boot: chip revision: v0.1[0m
[0;32mI (35) boot: efuse block revision: v1.2[0m
[0;32mI (39) qio_mode: Enabling default flash chip QIO[0m
[0;32mI (44) boot.esp32s3: Boot SPI Speed : 80MHz[0m
[0;32mI (49) boot.esp32s3: SPI Mode       : QIO[0m
[0;32mI (54) boot.esp32s3: SPI Flash Size : 16MB[0m
[0;32mI (59) boot: Enabling RNG early entropy source...[0m
[0;32mI (64) boot: Partition Table:[0m
[0;32mI (68) boot: ## Label            Usage          Type ST Offset   Length[0m
[0;32mI (75) boot:  0 nvs              WiFi data        01 02 00009000 00006000[0m
[0;32mI (82) boot:  1 phy_init         RF data          01 01 0000f000 00001000[0m
[0;32mI (90) boot:  2 factory          factory app      00 00 00010000 00f00000[0m
[0;32mI (97) boot: End of partition table[0m
[0;32mI (102) esp_image: segment 0: paddr=00010020 vaddr=3c0e0020 size=2554d8h (2446552) map[0m
[0;32mI (488) esp_image: segment 1: paddr=00265500 vaddr=3fc99a00 size=035c8h ( 13768) load[0m
[0;32mI (491) esp_image: segment 2: paddr=00268ad0 vaddr=40378000 size=07548h ( 30024) load[0m
[0;32mI (500) esp_image: segment 3: paddr=00270020 vaddr=42000020 size=dd010h (905232) map[0m
[0;32mI (643) esp_image: segment 4: paddr=0034d038 vaddr=4037f548 size=0a490h ( 42128) load[0m
[0;32mI (658) boot: Loaded app from partition at offset 0x10000[0m
[0;32mI (658) boot: Disabling RNG early entropy source...[0m
[0;32mI (670) octal_psram: vendor id    : 0x0d (AP)[0m
[0;32mI (670) octal_psram: dev id       : 0x02 (generation 3)[0m
[0;32mI (671) octal_psram: density      : 0x03 (64 Mbit)[0m
[0;32mI (675) octal_psram: good-die     : 0x01 (Pass)[0m
[0;32mI (681) octal_psram: Latency      : 0x01 (Fixed)[0m
[0;32mI (686) octal_psram: VCC          : 0x01 (3V)[0m
[0;32mI (691) octal_psram: SRF          : 0x01 (Fast Refresh)[0m
[0;32mI (697) octal_psram: BurstType    : 0x01 (Hybrid Wrap)[0m
[0;32mI (703) octal_psram: BurstLen     : 0x01 (32 Byte)[0m
[0;32mI (708) octal_psram: Readlatency  : 0x02 (10 cycles@Fixed)[0m
[0;32mI (714) octal_psram: DriveStrength: 0x00 (1/1)[0m
[0;32mI (720) MSPI Timing: PSRAM timing tuning index: 5[0m
[0;32mI (725) esp_psram: Found 8MB PSRAM device[0m
[0;32mI (730) esp_psram: Speed: 80MHz[0m
[0;32mI (733) cpu_start: Multicore app[0m
[0;32mI (1023) esp_psram: SPI SRAM memory test OK[0m
[0;32mI (1031) cpu_start: Pro cpu start user code[0m
[0;32mI (1031) cpu_start: cpu freq: 240000000 Hz[0m
[0;32mI (1031) app_init: Application information:[0m
[0;32mI (1034) app_init: Project name:     v4_espdl_bench[0m
[0;32mI (1040) app_init: App version:      bench-accel-2026-10-08-1-g64348[0m
[0;32mI (1047) app_init: Compile time:     Oct  8 2026 12:34:21[0m
[0;32mI (1053) app_init: ELF file SHA256:  ff4cfdcbe...[0m
[0;32mI (1058) app_init: ESP-IDF:          v5.3.5-1074-g045dd779fd3[0m
[0;32mI (1065) efuse_init: Min chip rev:     v0.0[0m
[0;32mI (1070) efuse_init: Max chip rev:     v0.99 [0m
[0;32mI (1075) efuse_init: Chip rev:         v0.1[0m
[0;32mI (1080) heap_init: Initializing. RAM available for dynamic allocation:[0m
[0;32mI (1087) heap_init: At 3FC9EED8 len 0004A838 (298 KiB): RAM[0m
[0;32mI (1093) heap_init: At 3FCE9710 len 00005724 (21 KiB): RAM[0m
[0;32mI (1099) heap_init: At 600FE000 len 00001FE8 (7 KiB): RTCRAM[0m
[0;32mI (1106) esp_psram: Adding pool of 8192K of PSRAM memory to heap allocator[0m
[0;32mI (1114) spi_flash: detected chip: gd[0m
[0;32mI (1118) spi_flash: flash io: qio[0m
[0;32mI (1122) sleep: Configure to isolate all GPIO pins in sleep state[0m
[0;32mI (1129) sleep: Enable automatic switching of GPIO sleep configuration[0m
[0;32mI (1136) main_task: Started on CPU0[0m
[0;32mI (1140) esp_psram: Reserving pool of 32K of internal memory for DMA/internal allocations[0m
[0;32mI (1149) main_task: Calling app_main()[0m
[0;32mI (1153) v4_espdl: chip esp32s3, CPU 240 MHz, free heap 8691379 (internal 305659, PSRAM 8385720)[0m
[0;32mI (1315) v4_espdl: model loaded in 152.3 ms, free heap 6554615 (internal 266303, PSRAM 6288312)[0m
[0;32mI (1316) dl::Model: Test max_error = 0.0005 (default)[0m
E (1324) FbsModel: (get_test_input_tensor)The initial parameter is error.
[0;31mE (1326) dl::Model: Model input input doesn't have a corresponding test input. Please enable export_test_values option in esp-ppq when export espdl model.[0m
[0;32mI (1316) v4_espdl: model->test() (ESP-DL vs ESP-PPQ test values): FAIL[0m
[0;32mI (1378) v4_espdl: input 112x112x3, exponent -6 (v4: -6)[0m
CSV,0,254640,0
CSV,1,248984,0
CSV,2,248991,0
CSV,3,248981,0
CSV,4,248983,0
CSV,5,248981,0
CSV,6,248983,0
CSV,7,248981,0
CSV,8,248983,0
CSV,9,248981,0
[0;32mI (3879) v4_espdl: RESULT CSV: best 248.981 ms, mean 249.549 ms over 10 runs[0m
Guru Meditation Error: Core  0 panic'ed (IllegalInstruction). Exception was unhandled.
Memory dump at 0x42074214: 01a1f2da f4ddb2f4 baf4ddb6
Core  0 register dump:
PC      : 0x4207421b  PS      : 0x00060230  A0      : 0x8204cb1e  A1      : 0x3fc9e030
A2      : 0x3c4c55a0  A3      : 0x3c4937f0  A4      : 0x3fcb1114  A5      : 0x3c341930
A6      : 0x00000040  A7      : 0x00000d80  A8      : 0xffffe390  A9      : 0x00000003
A10     : 0x00000005  A11     : 0x3c341450  A12     : 0x00000002  A13     : 0x00000000
A14     : 0x3c341490  A15     : 0x00000101  SAR     : 0x00000010  EXCCAUSE: 0x00000000
EXCVADDR: 0x00000000  LBEG    : 0x420741c5  LEND    : 0x4207424a  LCOUNT  : 0x00000000
Backtrace: 0x42074218:0x3fc9e030 0x4204cb1b:0x3fc9e0b0 0x4201b004:0x3fc9e150 0x42058a16:0x3fc9e170
ELF file SHA256: ff4cfdcbe
Rebooting...
ESP-ROM:esp32s3-20210327
Build:Mar 27 2021
rst:0xc (RTC_SW_CPU_RST),boot:0xc (SPI_FAST_FLASH_BOOT)
Saved PC:0x40379c98
SPIWP:0xee
mode:DIO, clock div:1
load:0x3fce2820,len:0x19b4
load:0x403c8700,len:0x4
load:0x403c8704,len:0xe8c
load:0x403cb700,len:0x3144
entry 0x403c8940
[0;32mI (26) boot: ESP-IDF v5.3.5-1074-g045dd779fd3 2nd stage bootloader[0m
[0;32mI (26) boot: compile time Oct  8 2026 10:18:30[0m
[0;32mI (27) boot: Multicore bootloader[0m
[0;32mI (31) boot: chip revision: v0.1[0m
[0;32mI (35) boot: efuse block revision: v1.2[0m
[0;32mI (39) qio_mode: Enabling default flash chip QIO[0m
[0;32mI (44) boot.esp32s3: Boot SPI Speed : 80MHz[0m
[0;32mI (49) boot.esp32s3: SPI Mode       : QIO[0m
[0;32mI (54) boot.esp32s3: SPI Flash Size : 16MB[0m
[0;32mI (59) boot: Enabling RNG early entropy source...[0m
[0;32mI (64) boot: Partition Table:[0m
[0;32mI (68) boot: ## Label            Usage          Type ST Offset   Length[0m
[0;32mI (75) boot:  0 nvs              WiFi data        01 02 00009000 00006000[0m
[0;32mI (82) boot:  1 phy_init         RF data          01 01 0000f000 00001000[0m
[0;32mI (90) boot:  2 factory          factory app      00 00 00010000 00f00000[0m
[0;32mI (97) boot: End of partition table[0m
[0;32mI (102) esp_image: segment 0: paddr=00010020 vaddr=3c0e0020 size=2554d8h (2446552) map[0m
[0;32mI (488) esp_image: segment 1: paddr=00265500 vaddr=3fc99a00 size=035c8h ( 13768) load[0m
[0;32mI (491) esp_image: segment 2: paddr=00268ad0 vaddr=40378000 size=07548h ( 30024) load[0m
[0;32mI (500) esp_image: segment 3: paddr=00270020 vaddr=42000020 size=dd010h (905232) map[0m
[0;32mI (643) esp_image: segment 4: paddr=0034d038 vaddr=4037f548 size=0a490h ( 42128) load[0m
[0;32mI (658) boot: Loaded app from partition at offset 0x10000[0m
[0;32mI (658) boot: Disabling RNG early entropy source...[0m
[0;32mI (670) octal_psram: vendor id    : 0x0d (AP)[0m
[0;32mI (670) octal_psram: dev id       : 0x02 (generation 3)[0m
[0;32mI (671) octal_psram: density      : 0x03 (64 Mbit)[0m
[0;32mI (675) octal_psram: good-die     : 0x01 (Pass)[0m
[0;32mI (681) octal_psram: Latency      : 0x01 (Fixed)[0m
[0;32mI (686) octal_psram: VCC          : 0x01 (3V)[0m
[0;32mI (691) octal_psram: SRF          : 0x01 (Fast Refresh)[0m
[0;32mI (697) octal_psram: BurstType    : 0x01 (Hybrid Wrap)[0m
[0;32mI (703) octal_psram: BurstLen     : 0x01 (32 Byte)[0m
[0;32mI (708) octal_psram: Readlatency  : 0x02 (10 cycles@Fixed)[0m
[0;32mI (714) octal_psram: DriveStrength: 0x00 (1/1)[0m
[0;32mI (720) MSPI Timing: PSRAM timing tuning index: 5[0m
[0;32mI (725) esp_psram: Found 8MB PSRAM device[0m
[0;32mI (730) esp_psram: Speed: 80MHz[0m
[0;32mI (733) cpu_start: Multicore app[0m
[0;32mI (1023) esp_psram: SPI SRAM memory test OK[0m
[0;32mI (1031) cpu_start: Pro cpu start user code[0m
[0;32mI (1031) cpu_start: cpu freq: 240000000 Hz[0m
[0;32mI (1031) app_init: Application information:[0m
[0;32mI (1034) app_init: Project name:     v4_espdl_bench[0m
[0;32mI (1040) app_init: App version:      bench-accel-2026-10-08-1-g64348[0m
[0;32mI (1047) app_init: Compile time:     Oct  8 2026 12:34:21[0m
[0;32mI (1053) app_init: ELF file SHA256:  ff4cfdcbe...[0m
[0;32mI (1058) app_init: ESP-IDF:          v5.3.5-1074-g045dd779fd3[0m
[0;32mI (1065) efuse_init: Min chip rev:     v0.0[0m
[0;32mI (1070) efuse_init: Max chip rev:     v0.99 [0m
[0;32mI (1075) efuse_init: Chip rev:         v0.1[0m
[0;32mI (1080) heap_init: Initializing. RAM available for dynamic allocation:[0m
[0;32mI (1087) heap_init: At 3FC9EED8 len 0004A838 (298 KiB): RAM[0m
[0;32mI (1093) heap_init: At 3FCE9710 len 00005724 (21 KiB): RAM[0m
[0;32mI (1099) heap_init: At 600FE000 len 00001FE8 (7 KiB): RTCRAM[0m
[0;32mI (1106) esp_psram: Adding pool of 8192K of PSRAM memory to heap allocator[0m
[0;32mI (1114) spi_flash: detected chip: gd[0m
[0;32mI (1118) spi_flash: flash io: qio[0m
[0;32mI (1122) sleep: Configure to isolate all GPIO pins in sleep state[0m
[0;32mI (1129) sleep: Enable automatic switching of GPIO sleep configuration[0m
[0;32mI (1136) main_task: Started on CPU0[0m
[0;32mI (1140) esp_psram: Reserving pool of 32K of internal memory for DMA/internal allocations[0m
[0;32mI (1149) main_task: Calling app_main()[0m
[0;32mI (1153) v4_espdl: chip esp32s3, CPU 240 MHz, free heap 8691379 (internal 305659, PSRAM 8385720)[0m
[0;32mI (1315) v4_espdl: model loaded in 152.3 ms, free heap 6554615 (internal 266303, PSRAM 6288312)[0m
[0;32mI (1316) dl::Model: Test max_error = 0.0005 (default)[0m
E (1324) FbsModel: (get_test_input_tensor)The initial parameter is error.
[0;31mE (1326) dl::Model: Model input input doesn't have a corresponding test input. Please enable export_test_values option in esp-ppq when export espdl model.[0m
[0;32mI (1316) v4_espdl: model->test() (ESP-DL vs ESP-PPQ test values): FAIL[0m
[0;32mI (1378) v4_espdl: input 112x112x3, exponent -6 (v4: -6)[0m
CSV,0,254639,0
CSV,1,248985,0
CSV,2,248982,0
CSV,3,248981,0
CSV,4,248982,0
CSV,5,248981,0
CSV,6,248982,0
CSV,7,248981,0
CSV,8,248982,0
CSV,9,248981,0
[0;32mI (3879) v4_espdl: RESULT CSV: best 248.981 ms, mean 249.548 ms over 10 runs[0m
CSV2,0,221681,0
Guru Meditation Error: Core  0 panic'ed (IllegalInstruction). Exception was unhandled.
Memory dump at 0x42074214: 01a1f2da f4ddb2f4 baf4ddb6
Core  0 register dump:
PC      : 0x4207421b  PS      : 0x00060730  A0      : 0x8204cb1e  A1      : 0x3fc9e030
A2      : 0x3c4b15a0  A3      : 0x3c47f7f0  A4      : 0x3fcb1114  A5      : 0x3c341930
A6      : 0x00000040  A7      : 0x00000d80  A8      : 0xffffe390  A9      : 0x00000003
A10     : 0x00000005  A11     : 0x3c341450  A12     : 0x00000002  A13     : 0x00000000
A14     : 0x3c341490  A15     : 0x00000101  SAR     : 0x00000010  EXCCAUSE: 0x00000000
EXCVADDR: 0x00000000  LBEG    : 0x420741c5  LEND    : 0x4207424a  LCOUNT  : 0x00000000
Backtrace: 0x42074218:0x3fc9e030 0x4204cb1b:0x3fc9e0b0 0x4201b004:0x3fc9e150 0x42058a16:0x3fc9e170
ELF file SHA256: ff4cfdcbe
Rebooting...
ESP-ROM:esp32s3-20210327
Build:Mar 27 2021
rst:0xc (RTC_SW_CPU_RST),boot:0xc (SPI_FAST_FLASH_BOOT)
Saved PC:0x40379c98
SPIWP:0xee
mode:DIO, clock div:1
load:0x3fce2820,len:0x19b4
load:0x403c8700,len:0x4
load:0x403c8704,len:0xe8c
load:0x403cb700,len:0x3144
entry 0x403c8940
[0;32mI (26) boot: ESP-IDF v5.3.5-1074-g045dd779fd3 2nd stage bootloader[0m
[0;32mI (26) boot: compile time Oct  8 2026 10:18:30[0m
[0;32mI (27) boot: Multicore bootloader[0m
[0;32mI (31) boot: chip revision: v0.1[0m
[0;32mI (35) boot: efuse block revision: v1.2[0m
[0;32mI (39) qio_mode: Enabling default flash chip QIO[0m
[0;32mI (44) boot.esp32s3: Boot SPI Speed : 80MHz[0m
[0;32mI (49) boot.esp32s3: SPI Mode       : QIO[0m
[0;32mI (54) boot.esp32s3: SPI Flash Size : 16MB[0m
[0;32mI (59) boot: Enabling RNG early entropy source...[0m
[0;32mI (64) boot: Partition Table:[0m
[0;32mI (68) boot: ## Label            Usage          Type ST Offset   Length[0m
[0;32mI (75) boot:  0 nvs              WiFi data        01 02 00009000 00006000[0m
[0;32mI (82) boot:  1 phy_init         RF data          01 01 0000f000 00001000[0m
[0;32mI (90) boot:  2 factory          factory app      00 00 00010000 00f00000[0m
[0;32mI (97) boot: End of partition table[0m
[0;32mI (102) esp_image: segment 0: paddr=00010020 vaddr=3c0e0020 size=2554d8h (2446552) map[0m
[0;32mI (488) esp_image: segment 1: paddr=00265500 vaddr=3fc99a00 size=035c8h ( 13768) load[0m
[0;32mI (491) esp_image: segment 2: paddr=00268ad0 vaddr=40378000 size=07548h ( 30024) load[0m
[0;32mI (500) esp_image: segment 3: paddr=00270020 vaddr=42000020 size=dd010h (905232) map[0m
[0;32mI (643) esp_image: segment 4: paddr=0034d038 vaddr=4037f548 size=0a490h ( 42128) load[0m
[0;32mI (658) boot: Loaded app from partition at offset 0x10000[0m
[0;32mI (658) boot: Disabling RNG early entropy source...[0m
[0;32mI (670) octal_psram: vendor id    : 0x0d (AP)[0m
[0;32mI (670) octal_psram: dev id       : 0x02 (generation 3)[0m
[0;32mI (671) octal_psram: density      : 0x03 (64 Mbit)[0m
[0;32mI (675) octal_psram: good-die     : 0x01 (Pass)[0m
[0;32mI (681) octal_psram: Latency      : 0x01 (Fixed)[0m
[0;32mI (686) octal_psram: VCC          : 0x01 (3V)[0m
[0;32mI (691) octal_psram: SRF          : 0x01 (Fast Refresh)[0m
[0;32mI (697) octal_psram: BurstType    : 0x01 (Hybrid Wrap)[0m
[0;32mI (703) octal_psram: BurstLen     : 0x01 (32 Byte)[0m
[0;32mI (708) octal_psram: Readlatency  : 0x02 (10 cycles@Fixed)[0m
[0;32mI (714) octal_psram: DriveStrength: 0x00 (1/1)[0m
[0;32mI (720) MSPI Timing: PSRAM timing tuning index: 5[0m
[0;32mI (725) esp_psram: Found 8MB PSRAM device[0m
[0;32mI (730) esp_psram: Speed: 80MHz[0m
[0;32mI (733) cpu_start: Multicore app[0m
[0;32mI (1023) esp_psram: SPI SRAM memory test OK[0m
[0;32mI (1031) cpu_start: Pro cpu start user code[0m
[0;32mI (1031) cpu_start: cpu freq: 240000000 Hz[0m
[0;32mI (1031) app_init: Application information:[0m
[0;32mI (1034) app_init: Project name:     v4_espdl_bench[0m
[0;32mI (1040) app_init: App version:      bench-accel-2026-10-08-1-g64348[0m
[0;32mI (1047) app_init: Compile time:     Oct  8 2026 12:34:21[0m
[0;32mI (1053) app_init: ELF file SHA256:  ff4cfdcbe...[0m
[0;32mI (1058) app_init: ESP-IDF:          v5.3.5-1074-g045dd779fd3[0m
[0;32mI (1065) efuse_init: Min chip rev:     v0.0[0m
[0;32mI (1070) efuse_init: Max chip rev:     v0.99 [0m
[0;32mI (1075) efuse_init: Chip rev:         v0.1[0m
[0;32mI (1080) heap_init: Initializing. RAM available for dynamic allocation:[0m
[0;32mI (1087) heap_init: At 3FC9EED8 len 0004A838 (298 KiB): RAM[0m
[0;32mI (1093) heap_init: At 3FCE9710 len 00005724 (21 KiB): RAM[0m
[0;32mI (1099) heap_init: At 600FE000 len 00001FE8 (7 KiB): RTCRAM[0m
[0;32mI (1106) esp_psram: Adding pool of 8192K of PSRAM memory to heap allocator[0m
[0;32mI (1114) spi_flash: detected chip: gd[0m
[0;32mI (1118) spi_flash: flash io: qio[0m
[0;32mI (1122) sleep: Configure to isolate all GPIO pins in sleep state[0m
[0;32mI (1129) sleep: Enable automatic switching of GPIO sleep configuration[0m
[0;32mI (1136) main_task: Started on CPU0[0m
[0;32mI (1140) esp_psram: Reserving pool of 32K of internal memory for DMA/internal allocations[0m
[0;32mI (1149) main_task: Calling app_main()[0m
[0;32mI (1153) v4_espdl: chip esp32s3, CPU 240 MHz, free heap 8691379 (internal 305659, PSRAM 8385720)[0m
[0;32mI (1315) v4_espdl: model loaded in 152.3 ms, free heap 6554615 (internal 266303, PSRAM 6288312)[0m
[0;32mI (1316) dl::Model: Test max_error = 0.0005 (default)[0m
E (1324) FbsModel: (get_test_input_tensor)The initial parameter is error.
[0;31mE (1326) dl::Model: Model input input doesn't have a corresponding test input. Please enable export_test_values option in esp-ppq when export espdl model.[0m
[0;32mI (1316) v4_espdl: model->test() (ESP-DL vs ESP-PPQ test values): FAIL[0m
[0;32mI (1378) v4_espdl: input 112x112x3, exponent -6 (v4: -6)[0m
CSV,0,254640,0
CSV,1,248986,0
CSV,2,248982,0
CSV,3,248981,0
CSV,4,248983,0
CSV,5,248981,0
CSV,6,248983,0
CSV,7,248981,0
CSV,8,248983,0
CSV,9,248981,0
[0;32mI (3879) v4_espdl: RESULT CSV: best 248.981 ms, mean 249.548 ms over 10 runs[0m
CSV2,0,221707,0
CSV2,1,221448,0
CSV2,2,221229,0
CSV2,3,221810,0
CSV2,4,221419,0
Guru Meditation Error: Core  0 panic'ed (IllegalInstruction). Exception was unhandled.
Memory dump at 0x42074214: 01a1f2da f4ddb2f4 baf4ddb6
Core  0 register dump:
PC      : 0x4207421b  PS      : 0x00060730  A0      : 0x8204cb1e  A1      : 0x3fc9e030
A2      : 0x3c4c15a0  A3      : 0x3c48f7f0  A4      : 0x3fcb1114  A5      : 0x3c341930
A6      : 0x00000040  A7      : 0x00000d80  A8      : 0xffffe390  A9      : 0x00000003
A10     : 0x00000005  A11     : 0x3c341450  A12     : 0x00000002  A13     : 0x00000000
A14     : 0x3c341490  A15     : 0x00000101  SAR     : 0x00000010  EXCCAUSE: 0x00000000
EXCVADDR: 0x00000000  LBEG    : 0x420741c5  LEND    : 0x4207424a  LCOUNT  : 0x00000000
Backtrace: 0x42074218:0x3fc9e030 0x4204cb1b:0x3fc9e0b0 0x4201b004:0x3fc9e150 0x42058a16:0x3fc9e170
ELF file SHA256: ff4cfdcbe
Rebooting...
ESP-ROM:esp32s3-20210327
Build:Mar 27 2021
rst:0xc (RTC_SW_CPU_RST),boot:0xc (SPI_FAST_FLASH_BOOT)
Saved PC:0x40379c98
SPIWP:0xee
mode:DIO, clock div:1
load:0x3fce2820,len:0x19b4
load:0x403c8700,len:0x4
load:0x403c8704,len:0xe8c
load:0x403cb700,len:0x3144
entry 0x403c8940
[0;32mI (26) boot: ESP-IDF v5.3.5-1074-g045dd779fd3 2nd stage bootloader[0m
[0;32mI (26) boot: compile time Oct  8 2026 10:18:30[0m
[0;32mI (27) boot: Multicore bootloader[0m
[0;32mI (31) boot: chip revision: v0.1[0m
[0;32mI (35) boot: efuse block revision: v1.2[0m
[0;32mI (39) qio_mode: Enabling default flash chip QIO[0m
[0;32mI (44) boot.esp32s3: Boot SPI Speed : 80MHz[0m
[0;32mI (49) boot.esp32s3: SPI Mode       : QIO[0m
[0;32mI (54) boot.esp32s3: SPI Flash Size : 16MB[0m
[0;32mI (59) boot: Enabling RNG early entropy source...[0m
[0;32mI (64) boot: Partition Table:[0m
[0;32mI (68) boot: ## Label            Usage          Type ST Offset   Length[0m
[0;32mI (75) boot:  0 nvs              WiFi data        01 02 00009000 00006000[0m
[0;32mI (82) boot:  1 phy_init         RF data          01 01 0000f000 00001000[0m
[0;32mI (90) boot:  2 factory          factory app      00 00 00010000 00f00000[0m
[0;32mI (97) boot: End of partition table[0m
[0;32mI (102) esp_image: segment 0: paddr=00010020 vaddr=3c0e0020 size=2554d8h (2446552) map[0m
[0;32mI (488) esp_image: segment 1: paddr=00265500 vaddr=3fc99a00 size=035c8h ( 13768) load[0m
[0;32mI (491) esp_image: segment 2: paddr=00268ad0 vaddr=40378000 size=07548h ( 30024) load[0m
[0;32mI (500) esp_image: segment 3: paddr=00270020 vaddr=42000020 size=dd010h (905232) map[0m
[0;32mI (643) esp_image: segment 4: paddr=0034d038 vaddr=4037f548 size=0a490h ( 42128) load[0m
[0;32mI (658) boot: Loaded app from partition at offset 0x10000[0m
[0;32mI (658) boot: Disabling RNG early entropy source...[0m
[0;32mI (670) octal_psram: vendor id    : 0x0d (AP)[0m
[0;32mI (670) octal_psram: dev id       : 0x02 (generation 3)[0m
[0;32mI (671) octal_psram: density      : 0x03 (64 Mbit)[0m
[0;32mI (675) octal_psram: good-die     : 0x01 (Pass)[0m
[0;32mI (681) octal_psram: Latency      : 0x01 (Fixed)[0m
[0;32mI (686) octal_psram: VCC          : 0x01 (3V)[0m
[0;32mI (691) octal_psram: SRF          : 0x01 (Fast Refresh)[0m
[0;32mI (697) octal_psram: BurstType    : 0x01 (Hybrid Wrap)[0m
[0;32mI (703) octal_psram: BurstLen     : 0x01 (32 Byte)[0m
[0;32mI (708) octal_psram: Readlatency  : 0x02 (10 cycles@Fixed)[0m
[0;32mI (714) octal_psram: DriveStrength: 0x00 (1/1)[0m
[0;32mI (720) MSPI Timing: PSRAM timing tuning index: 5[0m
[0;32mI (725) esp_psram: Found 8MB PSRAM device[0m
[0;32mI (730) esp_psram: Speed: 80MHz[0m
[0;32mI (733) cpu_start: Multicore app[0m
[0;32mI (1023) esp_psram: SPI SRAM memory test OK[0m
[0;32mI (1031) cpu_start: Pro cpu start user code[0m
[0;32mI (1031) cpu_start: cpu freq: 240000000 Hz[0m
[0;32mI (1031) app_init: Application information:[0m
[0;32mI (1034) app_init: Project name:     v4_espdl_bench[0m
[0;32mI (1040) app_init: App version:      bench-accel-2026-10-08-1-g64348[0m
[0;32mI (1047) app_init: Compile time:     Oct  8 2026 12:34:21[0m
[0;32mI (1053) app_init: ELF file SHA256:  ff4cfdcbe...[0m
[0;32mI (1058) app_init: ESP-IDF:          v5.3.5-1074-g045dd779fd3[0m
[0;32mI (1065) efuse_init: Min chip rev:     v0.0[0m
[0;32mI (1070) efuse_init: Max chip rev:     v0.99 [0m
[0;32mI (1075) efuse_init: Chip rev:         v0.1[0m
[0;32mI (1080) heap_init: Initializing. RAM available for dynamic allocation:[0m
[0;32mI (1087) heap_init: At 3FC9EED8 len 0004A838 (298 KiB): RAM[0m
[0;32mI (1093) heap_init: At 3FCE9710 len 00005724 (21 KiB): RAM[0m
[0;32mI (1099) heap_init: At 600FE000 len 00001FE8 (7 KiB): RTCRAM[0m
[0;32mI (1106) esp_psram: Adding pool of 8192K of PSRAM memory to heap allocator[0m
[0;32mI (1114) spi_flash: detected chip: gd[0m
[0;32mI (1118) spi_flash: flash io: qio[0m
[0;32mI (1122) sleep: Configure to isolate all GPIO pins in sleep state[0m
[0;32mI (1129) sleep: Enable automatic switching of GPIO sleep configuration[0m
[0;32mI (1136) main_task: Started on CPU0[0m
[0;32mI (1140) esp_psram: Reserving pool of 32K of internal memory for DMA/internal allocations[0m
[0;32mI (1149) main_task: Calling app_main()[0m
[0;32mI (1153) v4_espdl: chip esp32s3, CPU 240 MHz, free heap 8691379 (internal 305659, PSRAM 8385720)[0m
[0;32mI (1315) v4_espdl: model loaded in 152.3 ms, free heap 6554615 (internal 266303, PSRAM 6288312)[0m
[0;32mI (1316) dl::Model: Test max_error = 0.0005 (default)[0m
E (1324) FbsModel: (get_test_input_tensor)The initial parameter is error.
[0;31mE (1326) dl::Model: Model input input doesn't have a corresponding test input. Please enable export_test_values option in esp-ppq when export espdl model.[0m
[0;32mI (1316) v4_espdl: model->test() (ESP-DL vs ESP-PPQ test values): FAIL[0m
[0;32mI (1378) v4_espdl: input 112x112x3, exponent -6 (v4: -6)[0m
CSV,0,254643,0
CSV,1,248986,0
CSV,2,248985,0
CSV,3,248979,0
CSV,4,248986,0
CSV,5,248979,0
CSV,6,248986,0
CSV,7,248979,0
CSV,8,248986,0
CSV,9,248979,0
[0;32mI (3879) v4_espdl: RESULT CSV: best 248.979 ms, mean 249.549 ms over 10 runs[0m
Guru Meditation Error: Core  0 panic'ed (IllegalInstruction). Exception was unhandled.
Memory dump at 0x42074214: 01a1f2da f4ddb2f4 baf4ddb6
Core  0 register dump:
PC      : 0x4207421b  PS      : 0x00060230  A0      : 0x8204cb1e  A1      : 0x3fc9e030
A2      : 0x3c4b95a0  A3      : 0x3c4877f0  A4      : 0x3fcb1114  A5      : 0x3c341930
A6      : 0x00000040  A7      : 0x00000d80  A8      : 0xffffe390  A9      : 0x00000003
A10     : 0x00000005  A11     : 0x3c341450  A12     : 0x00000002  A13     : 0x00000000
A14     : 0x3c341490  A15     : 0x00000101  SAR     : 0x00000010  EXCCAUSE: 0x00000000
EXCVADDR: 0x00000000  LBEG    : 0x420741c5  LEND    : 0x4207424a  LCOUNT  : 0x00000000
Backtrace: 0x42074218:0x3fc9e030 0x4204cb1b:0x3fc9e0b0 0x4201b004:0x3fc9e150 0x42058a16:0x3fc9e170
ELF file SHA256: ff4cfdcbe
Rebooting...
ESP-ROM:esp32s3-20210327
Build:Mar 27 2021
rst:0xc (RTC_SW_CPU_RST),boot:0xc (SPI_FAST_FLASH_BOOT)
Saved PC:0x40379c98
SPIWP:0xee
mode:DIO, clock div:1
load:0x3fce2820,len:0x19b4
load:0x403c8700,len:0x4
load:0x403c8704,len:0xe8c
load:0x403cb700,len:0x3144
entry 0x403c8940
[0;32mI (26) boot: ESP-IDF v5.3.5-1074-g045dd779fd3 2nd stage bootloader[0m
[0;32mI (26) boot: compile time Oct  8 2026 10:18:30[0m
[0;32mI (27) boot: Multicore bootloader[0m
[0;32mI (31) boot: chip revision: v0.1[0m
[0;32mI (35) boot: efuse block revision: v1.2[0m
[0;32mI (39) qio_mode: Enabling default flash chip QIO[0m
[0;32mI (44) boot.esp32s3: Boot SPI Speed : 80MHz[0m
[0;32mI (49) boot.esp32s3: SPI Mode       : QIO[0m
[0;32mI (54) boot.esp32s3: SPI Flash Size : 16MB[0m
[0;32mI (59) boot: Enabling RNG early entropy source...[0m
[0;32mI (64) boot: Partition Table:[0m
[0;32mI (68) boot: ## Label            Usage          Type ST Offset   Length[0m
[0;32mI (75) boot:  0 nvs              WiFi data        01 02 00009000 00006000[0m
[0;32mI (82) boot:  1 phy_init         RF data          01 01 0000f000 00001000[0m
[0;32mI (90) boot:  2 factory          factory app      00 00 00010000 00f00000[0m
[0;32mI (97) boot: End of partition table[0m
[0;32mI (102) esp_image: segment 0: paddr=00010020 vaddr=3c0e0020 size=2554d8h (2446552) map[0m
[0;32mI (488) esp_image: segment 1: paddr=00265500 vaddr=3fc99a00 size=035c8h ( 13768) load[0m
[0;32mI (491) esp_image: segment 2: paddr=00268ad0 vaddr=40378000 size=07548h ( 30024) load[0m
[0;32mI (500) esp_image: segment 3: paddr=00270020 vaddr=42000020 size=dd010h (905232) map[0m
[0;32mI (643) esp_image: segment 4: paddr=0034d038 vaddr=4037f548 size=0a490h ( 42128) load[0m
[0;32mI (658) boot: Loaded app from partition at offset 0x10000[0m
[0;32mI (658) boot: Disabling RNG early entropy source...[0m
[0;32mI (670) octal_psram: vendor id    : 0x0d (AP)[0m
[0;32mI (670) octal_psram: dev id       : 0x02 (generation 3)[0m
[0;32mI (671) octal_psram: density      : 0x03 (64 Mbit)[0m
[0;32mI (675) octal_psram: good-die     : 0x01 (Pass)[0m
[0;32mI (681) octal_psram: Latency      : 0x01 (Fixed)[0m
[0;32mI (686) octal_psram: VCC          : 0x01 (3V)[0m
[0;32mI (691) octal_psram: SRF          : 0x01 (Fast Refresh)[0m
[0;32mI (697) octal_psram: BurstType    : 0x01 (Hybrid Wrap)[0m
[0;32mI (703) octal_psram: BurstLen     : 0x01 (32 Byte)[0m
[0;32mI (708) octal_psram: Readlatency  : 0x02 (10 cycles@Fixed)[0m
[0;32mI (714) octal_psram: DriveStrength: 0x00 (1/1)[0m
[0;32mI (720) MSPI Timing: PSRAM timing tuning index: 5[0m
[0;32mI (725) esp_psram: Found 8MB PSRAM device[0m
[0;32mI (730) esp_psram: Speed: 80MHz[0m
[0;32mI (733) cpu_start: Multicore app[0m
[0;32mI (1023) esp_psram: SPI SRAM memory test OK[0m
[0;32mI (1031) cpu_start: Pro cpu start user code[0m
[0;32mI (1031) cpu_start: cpu freq: 240000000 Hz[0m
[0;32mI (1031) app_init: Application information:[0m
[0;32mI (1034) app_init: Project name:     v4_espdl_bench[0m
[0;32mI (1040) app_init: App version:      bench-accel-2026-10-08-1-g64348[0m
[0;32mI (1047) app_init: Compile time:     Oct  8 2026 12:34:21[0m
[0;32mI (1053) app_init: ELF file SHA256:  ff4cfdcbe...[0m
[0;32mI (1058) app_init: ESP-IDF:          v5.3.5-1074-g045dd779fd3[0m
[0;32mI (1065) efuse_init: Min chip rev:     v0.0[0m
[0;32mI (1070) efuse_init: Max chip rev:     v0.99 [0m
[0;32mI (1075) efuse_init: Chip rev:         v0.1[0m
[0;32mI (1080) heap_init: Initializing. RAM available for dynamic allocation:[0m
[0;32mI (1087) heap_init: At 3FC9EED8 len 0004A838 (298 KiB): RAM[0m
[0;32mI (1093) heap_init: At 3FCE9710 len 00005724 (21 KiB): RAM[0m
[0;32mI (1099) heap_init: At 600FE000 len 00001FE8 (7 KiB): RTCRAM[0m
[0;32mI (1106) esp_psram: Adding pool of 8192K of PSRAM memory to heap allocator[0m
[0;32mI (1114) spi_flash: detected chip: gd[0m
[0;32mI (1118) spi_flash: flash io: qio[0m
[0;32mI (1122) sleep: Configure to isolate all GPIO pins in sleep state[0m
[0;32mI (1129) sleep: Enable automatic switching of GPIO sleep configuration[0m
[0;32mI (1136) main_task: Started on CPU0[0m
[0;32mI (1140) esp_psram: Reserving pool of 32K of internal memory for DMA/internal allocations[0m
[0;32mI (1149) main_task: Calling app_main()[0m
[0;32mI (1153) v4_espdl: chip esp32s3, CPU 240 MHz, free heap 8691379 (internal 305659, PSRAM 8385720)[0m
[0;32mI (1315) v4_espdl: model loaded in 152.3 ms, free heap 6554615 (internal 266303, PSRAM 6288312)[0m
[0;32mI (1316) dl::Model: Test max_error = 0.0005 (default)[0m
E (1324) FbsModel: (get_test_input_tensor)The initial parameter is error.
[0;31mE (1326) dl::Model: Model input input doesn't have a corresponding test input. Please enable export_test_values option in esp-ppq when export espdl model.[0m
[0;32mI (1316) v4_espdl: model->test() (ESP-DL vs ESP-PPQ test values): FAIL[0m
[0;32mI (1378) v4_espdl: input 112x112x3, exponent -6 (v4: -6)[0m
CSV,0,254643,0
CSV,1,248983,0
CSV,2,248992,0
CSV,3,248982,0
CSV,4,248983,0
CSV,5,248982,0
